Date,FareProduct,TransitCard,PaymentType,BusNo,TransactionType,SeqNo,GrpQty,TotalCost,Bonus,Change,TotalChange,ValueLeft,RidesLeft,RenewedAdvCount,Status,Company,Vehicle,Hour,Minute,Trip No,Route,Departure,Arrival,Avg Departure Diff,Avg Scheduled Travel,Avg Arrival Diff
2016-04-30 11:09:00,Reg SV Sr/Dis,160040067992778,,3219,SV Entry (Tag On),,1,0.35,0.0,-0.35,-0.35,0.0,Unlmtd,,Success,First Transit,3219,10,56,201001,20cw,2016-04-30 10:56:24,2016-04-30 11:32:12,0.4,33.0,3.2
2016-04-30 11:15:12,ASI,160005833766871,,3219,Pass Entry (Tag On),,1,0.0,0.0,0.0,0.0,0.0,Unlmtd,0.0,Success,First Transit,3219,10,56,201001,20cw,2016-04-30 10:56:24,2016-04-30 11:32:12,0.4,33.0,3.2
2016-04-30 11:15:31,ASI,160008050481323,,3219,Pass Entry (Tag On),,1,0.0,0.0,0.0,0.0,0.0,Unlmtd,0.0,Success,First Transit,3219,10,56,201001,20cw,2016-04-30 10:56:24,2016-04-30 11:32:12,0.4,33.0,3.2
2016-04-30 11:23:03,ASI,160008071993751,,3219,Pass Entry (Tag On),,1,0.0,0.0,0.0,0.0,0.0,Unlmtd,0.0,Success,First Transit,3219,10,56,201001,20cw,2016-04-30 10:56:24,2016-04-30 11:32:12,0.4,33.0,3.2
2016-04-30 11:55:32,ASI,160005333021272,,3219,Pass Entry (Tag On),,1,0.0,0.0,0.0,0.0,0.0,Unlmtd,0.0,Success,First Transit,3219,11,34,201002,20cw,2016-04-30 11:35:27,2016-04-30 12:31:42,1.5,55.0,2.7
2016-04-30 12:10:13,DCFS EZ (New),1701999280896241927,,3219,Pass Entry (Tag On),,1,0.0,0.0,0.0,0.0,0.0,Unlmtd,0.0,Success,First Transit,3219,11,34,201002,20cw,2016-04-30 11:35:27,2016-04-30 12:31:42,1.5,55.0,2.7
2016-04-30 12:16:08,ASI,160033064689547,,3219,Pass Entry (Tag On),,1,0.0,0.0,0.0,0.0,0.0,Unlmtd,0.0,Success,First Transit,3219,11,34,201002,20cw,2016-04-30 11:35:27,2016-04-30 12:31:42,1.5,55.0,2.7
2016-04-30 12:52:45,DCFS EZ (New),1700216179589280011,,3219,Pass Entry (Tag On),,1,0.0,0.0,0.0,0.0,0.0,Unlmtd,0.0,Success,First Transit,3219,12,39,201003,20cw,2016-04-30 12:39:12,2016-04-30 13:33:10,0.2,54.0,0.2
2016-04-30 13:04:40,ASI,160041279133920,,3219,Pass Entry (Tag On),,1,0.0,0.0,0.0,0.0,0.0,Unlmtd,0.0,Success,First Transit,3219,12,39,201003,20cw,2016-04-30 12:39:12,2016-04-30 13:33:10,0.2,54.0,0.2
2016-04-30 13:13:31,ASI,160005754102874,,3219,Pass Entry (Tag On),,1,0.0,0.0,0.0,0.0,0.0,Unlmtd,0.0,Success,First Transit,3219,12,39,201003,20cw,2016-04-30 12:39:12,2016-04-30 13:33:10,0.2,54.0,0.2
2016-04-30 13:52:31,ASI,160005754058399,,3219,Pass Entry (Tag On),,1,0.0,0.0,0.0,0.0,0.0,Unlmtd,0.0,Success,First Transit,3219,13,46,201004,20cw,2016-04-30 13:46:25,2016-04-30 14:40:40,0.4,52.0,2.7
2016-04-30 14:01:32,Reg SV Regular,160004904381272,,3219,SV Entry (Tag On),,1,0.75,0.0,-0.75,-0.75,1.0,Unlmtd,,Success,First Transit,3219,13,46,201004,20cw,2016-04-30 13:46:25,2016-04-30 14:40:40,0.4,52.0,2.7
2016-04-30 14:27:00,ASI,160042245085129,,3219,Pass Entry (Tag On),,1,0.0,0.0,0.0,0.0,0.0,Unlmtd,0.0,Success,First Transit,3219,13,46,201004,20cw,2016-04-30 13:46:25,2016-04-30 14:40:40,0.4,52.0,2.7
2016-04-30 14:27:12,Reg SV Sr/Dis,160005078471831,,3219,SV Entry (Tag On),,1,0.35,0.0,-0.35,-0.35,13.65,Unlmtd,,Success,First Transit,3219,13,46,201004,20cw,2016-04-30 13:46:25,2016-04-30 14:40:40,0.4,52.0,2.7
2016-04-30 14:31:10,ASI,160012141481664,,3219,Pass Entry (Tag On),,1,0.0,0.0,0.0,0.0,0.0,Unlmtd,0.0,Success,First Transit,3219,13,46,201004,20cw,2016-04-30 13:46:25,2016-04-30 14:40:40,0.4,52.0,2.7
2016-04-30 15:28:12,Reg SV Regular,160000964874008,,3219,SV Entry (Tag On),,1,0.75,0.0,-0.75,-0.75,9.25,Unlmtd,,Success,First Transit,3219,14,48,201005,20cw,2016-04-30 14:51:25,2016-04-30 15:46:40,3.4,54.0,4.7
2016-04-30 15:31:59,ASI,160036514436112,,3219,Pass Entry (Tag On),,1,0.0,0.0,0.0,0.0,0.0,Unlmtd,0.0,Success,First Transit,3219,14,48,201005,20cw,2016-04-30 14:51:25,2016-04-30 15:46:40,3.4,54.0,4.7
2016-04-30 16:15:41,Reg SV Regular,160008557537437,,3219,SV Entry (Tag On),,1,0.75,0.0,-0.75,-0.75,35.0,Unlmtd,,Success,First Transit,3219,15,52,201006,20cw,2016-04-30 15:52:25,2016-04-30 16:46:11,0.4,55.0,-0.8
2016-04-30 16:15:42,Reg SV Regular,160008281598879,,3219,SV Entry (Tag On),,1,0.75,0.0,-0.75,-0.75,47.0,Unlmtd,,Success,First Transit,3219,15,52,201006,20cw,2016-04-30 15:52:25,2016-04-30 16:46:11,0.4,55.0,-0.8
2016-04-30 16:31:18,Reg SV Regular,160001583189661,,3219,SV Entry (Tag On),,1,0.75,0.0,-0.75,-0.75,2.6,Unlmtd,,Success,First Transit,3219,15,52,201006,20cw,2016-04-30 15:52:25,2016-04-30 16:46:11,0.4,55.0,-0.8
2016-04-30 17:03:53,EZ Pass AdultZ0,160004821248471,,3219,Pass Entry (Tag On),,1,0.0,0.0,0.0,0.0,0.25,Unlmtd,1.0,Success,First Transit,3219,16,57,201007,20cw,2016-04-30 16:57:55,2016-04-30 17:47:56,0.9,51.0,-0.1
2016-04-30 17:15:02,ASI,160019589209630,,3219,Pass Entry (Tag On),,1,0.0,0.0,0.0,0.0,0.0,Unlmtd,0.0,Success,First Transit,3219,16,57,201007,20cw,2016-04-30 16:57:55,2016-04-30 17:47:56,0.9,51.0,-0.1
2016-04-30 17:38:40,ASI,160021269299360,,3219,Pass Entry (Tag On),,1,0.0,0.0,0.0,0.0,0.0,Unlmtd,0.0,Success,First Transit,3219,16,57,201007,20cw,2016-04-30 16:57:55,2016-04-30 17:47:56,0.9,51.0,-0.1
2016-04-30 19:06:06,PS Try Tran Mon,160042586851444,,3219,Pass Entry (Tag On),,1,0.0,0.0,0.0,0.0,0.0,Unlmtd,0.0,Success,First Transit,3219,18,55,201009,20cw,2016-04-30 18:55:40,2016-04-30 19:39:26,0.7,45.0,-0.6
2016-04-30 19:19:19,Reg SV Regular,160040958151286,,3219,SV Entry (Tag On),,1,0.75,0.0,-0.75,-0.75,2.75,Unlmtd,,Success,First Transit,3219,18,55,201009,20cw,2016-04-30 18:55:40,2016-04-30 19:39:26,0.7,45.0,-0.6
2016-04-30 19:21:52,ASI,160008172365917,,3219,Pass Entry (Tag On),,1,0.0,0.0,0.0,0.0,0.0,Unlmtd,0.0,Success,First Transit,3219,18,55,201009,20cw,2016-04-30 18:55:40,2016-04-30 19:39:26,0.7,45.0,-0.6
2016-04-30 11:07:30,ASI,160038261549238,,3217,Pass Entry (Tag On),,1,0.0,0.0,0.0,0.0,0.25,Unlmtd,0.0,Success,First Transit,3217,11,0,402001,40,2016-04-30 11:00:58,2016-04-30 11:28:58,1.0,27.0,2.0
2016-04-30 11:09:34,ASI,160041880216965,,3217,Pass Entry (Tag On),,1,0.0,0.0,0.0,0.0,0.5,Unlmtd,0.0,Success,First Transit,3217,11,0,402001,40,2016-04-30 11:00:58,2016-04-30 11:28:58,1.0,27.0,2.0
2016-04-30 11:12:33,ASI,160011832088382,,3217,Pass Entry (Tag On),,1,0.0,0.0,0.0,0.0,0.0,Unlmtd,0.0,Success,First Transit,3217,11,0,402001,40,2016-04-30 11:00:58,2016-04-30 11:28:58,1.0,27.0,2.0
2016-04-30 11:12:35,PS Try Tran Mon,160007533745478,,3217,Pass Entry (Tag On),,1,0.0,0.0,0.0,0.0,13.0,Unlmtd,0.0,Success,First Transit,3217,11,0,402001,40,2016-04-30 11:00:58,2016-04-30 11:28:58,1.0,27.0,2.0
2016-04-30 11:12:38,ASI,160005758734235,,3217,Pass Entry (Tag On),,1,0.0,0.0,0.0,0.0,6.3,Unlmtd,0.0,Success,First Transit,3217,11,0,402001,40,2016-04-30 11:00:58,2016-04-30 11:28:58,1.0,27.0,2.0
2016-04-30 11:27:20,ASI,160005621486237,,3217,Pass Entry (Tag On),,1,0.0,0.0,0.0,0.0,0.0,Unlmtd,0.0,Success,First Transit,3217,11,0,402001,40,2016-04-30 11:00:58,2016-04-30 11:28:58,1.0,27.0,2.0
2016-04-30 11:58:14,ASI,160041892672320,,3217,Pass Entry (Tag On),,1,0.0,0.0,0.0,0.0,0.0,Unlmtd,0.0,Success,First Transit,3217,11,37,402002,40,2016-04-30 11:38:43,2016-04-30 12:02:43,1.7,22.0,3.7
2016-04-30 11:58:17,ASI,160041279233928,,3217,Pass Entry (Tag On),,1,0.0,0.0,0.0,0.0,0.0,Unlmtd,0.0,Success,First Transit,3217,11,37,402002,40,2016-04-30 11:38:43,2016-04-30 12:02:43,1.7,22.0,3.7
2016-04-30 11:58:52,ASI,160036524949393,,3217,Pass Entry (Tag On),,1,0.0,0.0,0.0,0.0,0.0,Unlmtd,0.0,Success,First Transit,3217,11,37,402002,40,2016-04-30 11:38:43,2016-04-30 12:02:43,1.7,22.0,3.7
2016-04-30 12:05:46,ASI,160033064099945,,3217,Pass Entry (Tag On),,1,0.0,0.0,0.0,0.0,0.0,Unlmtd,0.0,Success,First Transit,3217,12,4,402003,40,2016-04-30 12:04:58,2016-04-30 12:34:28,1.0,27.0,3.5
2016-04-30 13:01:21,ASI,160012139798467,,3217,Pass Entry (Tag On),,1,0.0,0.0,0.0,0.0,0.0,Unlmtd,0.0,Success,First Transit,3217,12,41,402004,40,2016-04-30 12:41:58,2016-04-30 13:06:28,1.0,21.0,4.5
2016-04-30 13:03:34,ASI,160008117347350,,3217,Pass Entry (Tag On),,1,0.0,0.0,0.0,0.0,0.0,Unlmtd,0.0,Success,First Transit,3217,12,41,402004,40,2016-04-30 12:41:58,2016-04-30 13:06:28,1.0,21.0,4.5
2016-04-30 13:07:40,ASI,160019590415390,,3217,Pass Entry (Tag On),,1,0.0,0.0,0.0,0.0,0.0,Unlmtd,0.0,Success,First Transit,3217,13,5,402005,40,2016-04-30 13:06:58,2016-04-30 13:33:28,2.0,28.0,0.5
2016-04-30 13:07:44,ASI,160005501447515,,3217,Pass Entry (Tag On),,1,0.0,0.0,0.0,0.0,0.0,Unlmtd,0.0,Success,First Transit,3217,13,5,402005,40,2016-04-30 13:06:58,2016-04-30 13:33:28,2.0,28.0,0.5
2016-04-30 14:22:35,Reg SV Regular,160008434617113,,3217,SV Entry (Tag On),,1,0.75,0.0,-0.75,-0.75,21.25,Unlmtd,,Success,First Transit,3217,14,9,402007,40,2016-04-30 14:12:13,2016-04-30 14:39:43,3.2,28.0,2.7
2016-04-30 14:22:37,Reg SV Regular,160000921228561,,3217,SV Entry (Tag On),,1,0.75,0.0,-0.75,-0.75,4.75,Unlmtd,,Success,First Transit,3217,14,9,402007,40,2016-04-30 14:12:13,2016-04-30 14:39:43,3.2,28.0,2.7
2016-04-30 14:52:49,ASI,160008087670872,,3217,Pass Entry (Tag On),,1,0.0,0.0,0.0,0.0,0.0,Unlmtd,0.0,Success,First Transit,3217,14,47,402008,40,2016-04-30 14:47:58,2016-04-30 15:11:43,1.0,23.0,1.7
2016-04-30 15:15:29,ASI,160012139798467,,3217,Pass Entry (Tag On),,1,0.0,0.0,0.0,0.0,0.0,Unlmtd,0.0,Success,First Transit,3217,15,13,402009,40,2016-04-30 15:13:28,2016-04-30 15:43:43,0.5,27.0,3.7
2016-04-30 16:15:24,ASI,160028110841878,,3217,Pass Entry (Tag On),,1,0.0,0.0,0.0,0.0,0.0,Unlmtd,0.0,Success,First Transit,3217,15,50,402010,40,2016-04-30 15:51:13,2016-04-30 16:15:28,1.2,23.0,2.5
2016-04-30 16:16:48,ASI,160033081722347,,3217,Pass Entry (Tag On),,1,0.0,0.0,0.0,0.0,0.0,Unlmtd,0.0,Success,First Transit,3217,16,15,402011,40,2016-04-30 16:16:13,2016-04-30 16:46:28,1.2,28.0,3.5
2016-04-30 17:23:51,DCFS EZ (New),1702800458726928643,,3217,Pass Entry (Tag On),,1,0.0,0.0,0.0,0.0,0.0,Unlmtd,0.0,Success,First Transit,3217,17,23,402013,40,2016-04-30 17:23:28,2016-04-30 17:49:58,0.5,26.0,1.0
2016-04-30 17:24:28,ASI,160005622624794,,3217,Pass Entry (Tag On),,1,0.0,0.0,0.0,0.0,0.0,Unlmtd,0.0,Success,First Transit,3217,17,23,402013,40,2016-04-30 17:23:28,2016-04-30 17:49:58,0.5,26.0,1.0
2016-04-30 17:27:01,ASI,160042245285604,,3217,Pass Entry (Tag On),,1,0.0,0.0,0.0,0.0,0.0,Unlmtd,0.0,Success,First Transit,3217,17,23,402013,40,2016-04-30 17:23:28,2016-04-30 17:49:58,0.5,26.0,1.0
2016-04-30 17:30:32,Reg SV Regular,160005695659354,,3217,SV Entry (Tag On),,1,0.75,0.0,-0.75,-0.75,29.5,Unlmtd,,Success,First Transit,3217,17,23,402013,40,2016-04-30 17:23:28,2016-04-30 17:49:58,0.5,26.0,1.0
2016-04-30 18:36:33,ASI,160011542093185,,3217,Pass Entry (Tag On),,1,0.0,0.0,0.0,0.0,0.0,Unlmtd,0.0,Success,First Transit,3217,18,26,402015,40,2016-04-30 18:26:58,2016-04-30 18:58:58,1.0,27.0,6.0
2016-04-30 19:07:42,Reg SV Regular,160000921228561,,3217,SV Entry (Tag On),,1,0.75,0.0,-0.75,-0.75,1.0,Unlmtd,,Success,First Transit,3217,19,3,402016,40,2016-04-30 19:03:43,2016-04-30 19:27:28,0.7,20.0,4.5
2016-04-30 19:07:44,Reg SV Regular,160008434617113,,3217,SV Entry (Tag On),,1,0.75,0.0,-0.75,-0.75,17.5,Unlmtd,,Success,First Transit,3217,19,3,402016,40,2016-04-30 19:03:43,2016-04-30 19:27:28,0.7,20.0,4.5
2016-04-30 19:07:46,Reg SV Regular,160008432324951,,3217,SV Entry (Tag On),,1,0.75,0.0,-0.75,-0.75,0.0,Unlmtd,,Success,First Transit,3217,19,3,402016,40,2016-04-30 19:03:43,2016-04-30 19:27:28,0.7,20.0,4.5
2016-04-30 19:43:11,EZ Pass S/D Z0,160005804703192,,3217,Pass Entry (Tag On),,1,0.0,0.0,0.0,0.0,0.0,Unlmtd,1.0,Success,First Transit,3217,19,25,402017,40,2016-04-30 19:27:58,2016-04-30 19:53:58,3.0,25.0,4.0
2016-04-30 11:29:09,ASI,160005413556312,,3297,Pass Entry (Tag On),,1,0.0,0.0,0.0,0.0,0.0,Unlmtd,0.0,Success,First Transit,3297,11,6,401001,40,2016-04-30 11:07:06,2016-04-30 11:33:21,1.1,22.0,5.4
2016-04-30 11:29:25,Reg SV Sr/Dis,160005892060315,,3297,SV Entry (Tag On),,1,0.35,0.0,-0.35,-0.35,4.7,Unlmtd,,Success,First Transit,3297,11,6,401001,40,2016-04-30 11:07:06,2016-04-30 11:33:21,1.1,22.0,5.4
2016-04-30 11:29:49,ASI,160008074918235,,3297,Pass Entry (Tag On),,1,0.0,0.0,0.0,0.0,0.0,Unlmtd,0.0,Success,First Transit,3297,11,6,401001,40,2016-04-30 11:07:06,2016-04-30 11:33:21,1.1,22.0,5.4
2016-04-30 11:33:17,ASI,160019588868998,,3297,Pass Entry (Tag On),,1,0.0,0.0,0.0,0.0,0.0,Unlmtd,0.0,Success,First Transit,3297,11,6,401001,40,2016-04-30 11:07:06,2016-04-30 11:33:21,1.1,22.0,5.4
2016-04-30 12:15:06,ASI,160036514916436,,3297,Pass Entry (Tag On),,1,0.0,0.0,0.0,0.0,1.75,Unlmtd,0.0,Success,First Transit,3297,12,9,401003,40,2016-04-30 12:09:51,2016-04-30 12:32:06,0.9,21.0,2.1
2016-04-30 12:42:48,ASI,160041880216965,,3297,Pass Entry (Tag On),,1,0.0,0.0,0.0,0.0,0.5,Unlmtd,0.0,Success,First Transit,3297,12,33,401004,40,2016-04-30 12:33:21,2016-04-30 13:01:36,0.4,28.0,0.6
2016-04-30 12:46:26,ASI,160011542093185,,3297,Pass Entry (Tag On),,1,0.0,0.0,0.0,0.0,0.0,Unlmtd,0.0,Success,First Transit,3297,12,33,401004,40,2016-04-30 12:33:21,2016-04-30 13:01:36,0.4,28.0,0.6
2016-04-30 13:29:32,Reg SV Sr/Dis,160010338303303,,3297,SV Entry (Tag On),,1,0.35,0.0,-0.35,-0.35,6.45,Unlmtd,,Success,First Transit,3297,13,11,401005,40,2016-04-30 13:12:06,2016-04-30 13:37:06,1.1,23.0,3.1
2016-04-30 13:29:36,Reg SV Sr/Dis,160017161520291,,3297,SV Entry (Tag On),,1,0.35,0.0,-0.35,-0.35,10.7,Unlmtd,,Success,First Transit,3297,13,11,401005,40,2016-04-30 13:12:06,2016-04-30 13:37:06,1.1,23.0,3.1
2016-04-30 13:46:06,ASI,160011832748381,,3297,Pass Entry (Tag On),,1,0.0,0.0,0.0,0.0,0.0,Unlmtd,0.0,Success,First Transit,3297,13,37,401006,40,2016-04-30 13:38:06,2016-04-30 14:10:51,1.1,28.0,5.9
2016-04-30 14:30:43,ASI,160041892532169,,3297,Pass Entry (Tag On),,1,0.0,0.0,0.0,0.0,0.0,Unlmtd,0.0,Success,First Transit,3297,14,15,401007,40,2016-04-30 14:16:51,2016-04-30 14:39:51,1.9,23.0,1.9
2016-04-30 14:30:49,ASI,160005751595997,,3297,Pass Entry (Tag On),,1,0.0,0.0,0.0,0.0,0.0,Unlmtd,0.0,Success,First Transit,3297,14,15,401007,40,2016-04-30 14:16:51,2016-04-30 14:39:51,1.9,23.0,1.9
2016-04-30 14:35:55,ASI,160005754058399,,3297,Pass Entry (Tag On),,1,0.0,0.0,0.0,0.0,0.0,Unlmtd,0.0,Success,First Transit,3297,14,15,401007,40,2016-04-30 14:16:51,2016-04-30 14:39:51,1.9,23.0,1.9
2016-04-30 14:45:46,ASI,160034019454409,,3297,Pass Entry (Tag On),,1,0.0,0.0,0.0,0.0,0.0,Unlmtd,0.0,Success,First Transit,3297,14,41,401008,40,2016-04-30 14:45:06,2016-04-30 15:17:36,4.1,28.0,8.6
2016-04-30 15:06:33,Reg SV Regular,160004938878558,,3297,SV Entry (Tag On),,1,0.75,0.0,-0.75,-0.75,27.25,Unlmtd,,Success,First Transit,3297,14,41,401008,40,2016-04-30 14:45:06,2016-04-30 15:17:36,4.1,28.0,8.6
2016-04-30 15:24:36,PS Try Tran Mon,160007533745478,,3297,Pass Entry (Tag On),,1,0.0,0.0,0.0,0.0,13.0,Unlmtd,0.0,Success,First Transit,3297,15,19,401009,40,2016-04-30 15:20:51,2016-04-30 15:45:06,1.9,23.0,3.1
2016-04-30 15:25:48,Reg SV Regular,160041781838966,,3297,SV Entry (Tag On),,1,0.75,0.0,-0.75,-0.75,14.75,Unlmtd,,Success,First Transit,3297,15,19,401009,40,2016-04-30 15:20:51,2016-04-30 15:45:06,1.9,23.0,3.1
2016-04-30 15:52:47,ASI,160005834850716,,3297,Pass Entry (Tag On),,1,0.0,0.0,0.0,0.0,0.0,Unlmtd,0.0,Success,First Transit,3297,15,45,401010,40,2016-04-30 15:46:06,2016-04-30 16:18:36,1.1,27.0,6.6
2016-04-30 16:00:43,EZ Pass AdultZ0,160042466764402,,3297,Pass Entry (Tag On),,1,0.0,0.0,0.0,0.0,0.0,Unlmtd,2.0,Success,First Transit,3297,15,45,401010,40,2016-04-30 15:46:06,2016-04-30 16:18:36,1.1,27.0,6.6
2016-04-30 16:04:54,ASI,160008071631831,,3297,Pass Entry (Tag On),,1,0.0,0.0,0.0,0.0,1.25,Unlmtd,0.0,Success,First Transit,3297,15,45,401010,40,2016-04-30 15:46:06,2016-04-30 16:18:36,1.1,27.0,6.6
2016-04-30 17:30:33,Reg SV Regular,160004938878558,,3297,SV Entry (Tag On),,1,0.75,0.0,-0.75,-0.75,26.5,Unlmtd,,Success,First Transit,3297,17,25,401013,40,2016-04-30 17:26:06,2016-04-30 17:50:21,1.1,25.0,0.4
2016-04-30 17:33:06,ASI,160005579532313,,3297,Pass Entry (Tag On),,1,0.0,0.0,0.0,0.0,0.0,Unlmtd,0.0,Success,First Transit,3297,17,25,401013,40,2016-04-30 17:26:06,2016-04-30 17:50:21,1.1,25.0,0.4
2016-04-30 17:42:42,ASI,160011542093185,,3297,Pass Entry (Tag On),,1,0.0,0.0,0.0,0.0,0.0,Unlmtd,0.0,Success,First Transit,3297,17,25,401013,40,2016-04-30 17:26:06,2016-04-30 17:50:21,1.1,25.0,0.4
2016-04-30 17:43:52,ASI,160008117347350,,3297,Pass Entry (Tag On),,1,0.0,0.0,0.0,0.0,0.0,Unlmtd,0.0,Success,First Transit,3297,17,25,401013,40,2016-04-30 17:26:06,2016-04-30 17:50:21,1.1,25.0,0.4
2016-04-30 17:55:53,ASI,160011543037827,,3297,Pass Entry (Tag On),,1,0.0,0.0,0.0,0.0,2.45,Unlmtd,0.0,Success,First Transit,3297,17,53,401014,40,2016-04-30 17:53:21,2016-04-30 18:17:52,0.4,27.0,-2.1
2016-04-30 17:58:47,EZ Pass S/D Z0,160010288189066,,3297,Pass Entry (Tag On),,1,0.0,0.0,0.0,0.0,0.0,Unlmtd,1.0,Success,First Transit,3297,17,53,401014,40,2016-04-30 17:53:21,2016-04-30 18:17:52,0.4,27.0,-2.1
2016-04-30 17:59:19,Reg SV Sr/Dis,160005892060315,,3297,SV Entry (Tag On),,1,0.35,0.0,-0.35,-0.35,4.35,Unlmtd,,Success,First Transit,3297,17,53,401014,40,2016-04-30 17:53:21,2016-04-30 18:17:52,0.4,27.0,-2.1
2016-04-30 18:01:11,Reg SV Regular,160005695659354,,3297,SV Entry (Tag On),,1,0.75,0.0,-0.75,-0.75,28.75,Unlmtd,,Success,First Transit,3297,17,53,401014,40,2016-04-30 17:53:21,2016-04-30 18:17:52,0.4,27.0,-2.1
2016-04-30 18:45:16,Reg SV Regular,160008663103199,,3297,SV Entry (Tag On),,1,0.75,0.0,-0.75,-0.75,2.0,Unlmtd,,Success,First Transit,3297,18,30,401015,40,2016-04-30 18:30:36,2016-04-30 18:50:52,0.6,21.0,-0.1
2016-04-30 18:58:03,ASI,160008091648799,,3297,Pass Entry (Tag On),,1,0.0,0.0,0.0,0.0,0.0,Unlmtd,0.0,Success,First Transit,3297,18,57,401016,40,2016-04-30 18:57:21,2016-04-30 19:30:21,0.4,25.0,8.4
2016-04-30 19:37:00,Reg SV Regular,160004973488479,,3297,SV Entry (Tag On),,1,0.75,0.0,-0.75,-0.75,12.25,Unlmtd,,Success,First Transit,3297,19,32,401017,40,2016-04-30 19:32:51,2016-04-30 19:51:21,0.9,18.0,1.4
2016-04-30 11:23:23,ASI,160005688416796,,3218,Pass Entry (Tag On),,1,0.0,0.0,0.0,0.0,0.0,Unlmtd,0.0,Success,First Transit,3218,11,15,302002,32,2016-04-30 11:15:36,2016-04-30 11:39:51,0.6,22.0,2.9
2016-04-30 11:26:31,ASI,160005498569438,,3218,Pass Entry (Tag On),,1,0.0,0.0,0.0,0.0,0.0,Unlmtd,0.0,Success,First Transit,3218,11,15,302002,32,2016-04-30 11:15:36,2016-04-30 11:39:51,0.6,22.0,2.9
2016-04-30 11:52:29,ASI,160005334716318,,3218,Pass Entry (Tag On),,1,0.0,0.0,0.0,0.0,0.0,Unlmtd,0.0,Success,First Transit,3218,11,50,302003,32,2016-04-30 11:50:36,2016-04-30 12:16:38,0.6,25.0,1.6
2016-04-30 11:53:51,Reg SV Regular,160007874566277,,3218,SV Entry (Tag On),,1,0.75,0.0,-0.75,-0.75,0.75,Unlmtd,,Success,First Transit,3218,11,50,302003,32,2016-04-30 11:50:36,2016-04-30 12:16:38,0.6,25.0,1.6
2016-04-30 12:14:42,ASI,160005583244319,,3218,Pass Entry (Tag On),,1,0.0,0.0,0.0,0.0,0.0,Unlmtd,0.0,Success,First Transit,3218,11,50,302003,32,2016-04-30 11:50:36,2016-04-30 12:16:38,0.6,25.0,1.6
2016-04-30 12:18:30,ASI,160005678225439,,3218,Pass Entry (Tag On),,1,0.0,0.0,0.0,0.0,0.0,Unlmtd,0.0,Success,First Transit,3218,12,15,302004,32,2016-04-30 12:17:07,2016-04-30 12:39:24,2.1,22.0,2.4
2016-04-30 12:20:09,ASI,160008064166449,,3218,Pass Entry (Tag On),,1,0.0,0.0,0.0,0.0,0.0,Unlmtd,0.0,Success,First Transit,3218,12,15,302004,32,2016-04-30 12:17:07,2016-04-30 12:39:24,2.1,22.0,2.4
2016-04-30 12:20:12,ASI,160019692198910,,3218,Pass Entry (Tag On),,1,0.0,0.0,0.0,0.0,0.0,Unlmtd,0.0,Success,First Transit,3218,12,15,302004,32,2016-04-30 12:17:07,2016-04-30 12:39:24,2.1,22.0,2.4
2016-04-30 12:20:54,ASI,160041279924807,,3218,Pass Entry (Tag On),,1,0.0,0.0,0.0,0.0,0.0,Unlmtd,0.0,Success,First Transit,3218,12,15,302004,32,2016-04-30 12:17:07,2016-04-30 12:39:24,2.1,22.0,2.4
2016-04-30 13:21:37,ASI,160008034289800,,3218,Pass Entry (Tag On),,1,0.0,0.0,0.0,0.0,0.0,Unlmtd,0.0,Success,First Transit,3218,13,15,302006,32,2016-04-30 13:15:38,2016-04-30 13:37:08,0.6,23.0,-0.9
2016-04-30 14:00:05,ASI,160008141869593,,3218,Pass Entry (Tag On),,1,0.0,0.0,0.0,0.0,0.0,Unlmtd,0.0,Success,First Transit,3218,13,46,302007,32,2016-04-30 13:46:53,2016-04-30 14:14:38,0.9,29.0,-0.4
2016-04-30 14:00:40,ASI,160005587677910,,3218,Pass Entry (Tag On),,1,0.0,0.0,0.0,0.0,0.0,Unlmtd,0.0,Success,First Transit,3218,13,46,302007,32,2016-04-30 13:46:53,2016-04-30 14:14:38,0.9,29.0,-0.4
2016-04-30 14:59:36,ASI,160005654036313,,3218,Pass Entry (Tag On),,1,0.0,0.0,0.0,0.0,0.0,Unlmtd,0.0,Success,First Transit,3218,14,47,302009,32,2016-04-30 14:48:38,2016-04-30 15:15:38,1.6,28.0,0.6
2016-04-30 15:20:01,ASI,160008290777431,,3218,Pass Entry (Tag On),,1,0.0,0.0,0.0,0.0,0.0,Unlmtd,0.0,Success,First Transit,3218,15,15,302010,32,2016-04-30 15:15:52,2016-04-30 15:40:22,0.9,22.0,3.4
2016-04-30 16:14:13,ASI,160008110469912,,3218,Pass Entry (Tag On),,1,0.0,0.0,0.0,0.0,0.0,Unlmtd,0.0,Success,First Transit,3218,15,50,302011,32,2016-04-30 15:50:52,2016-04-30 16:19:22,0.9,26.0,3.4
2016-04-30 16:23:29,ASI,160028111736598,,3218,Pass Entry (Tag On),,1,0.0,0.0,0.0,0.0,0.0,Unlmtd,0.0,Success,First Transit,3218,16,16,302012,32,2016-04-30 16:19:37,2016-04-30 16:42:52,3.6,22.0,4.9
2016-04-30 16:24:24,ASI,160005654036313,,3218,Pass Entry (Tag On),,1,0.0,0.0,0.0,0.0,0.0,Unlmtd,0.0,Success,First Transit,3218,16,16,302012,32,2016-04-30 16:19:37,2016-04-30 16:42:52,3.6,22.0,4.9
2016-04-30 16:25:35,Reg SV Regular,160002838550947,,3218,SV Entry (Tag On),,1,0.75,0.0,-0.75,-0.75,0.5,Unlmtd,,Success,First Transit,3218,16,16,302012,32,2016-04-30 16:19:37,2016-04-30 16:42:52,3.6,22.0,4.9
2016-04-30 16:25:37,Reg SV Regular,160003099506941,,3218,SV Entry (Tag On),,1,0.75,0.0,-0.75,-0.75,36.9,Unlmtd,,Success,First Transit,3218,16,16,302012,32,2016-04-30 16:19:37,2016-04-30 16:42:52,3.6,22.0,4.9
2016-04-30 17:27:58,ASI,160005782761758,,3218,Pass Entry (Tag On),,1,0.0,0.0,0.0,0.0,0.0,Unlmtd,0.0,Success,First Transit,3218,17,18,302014,32,2016-04-30 17:19:07,2016-04-30 17:44:07,1.1,24.0,2.1
2016-04-30 19:12:13,ASI,160005333601750,,3218,Pass Entry (Tag On),,1,0.0,0.0,0.0,0.0,0.0,Unlmtd,0.0,Success,First Transit,3218,18,49,302017,32,2016-04-30 18:50:37,2016-04-30 19:25:22,1.6,26.0,10.4
2016-04-30 19:32:01,ASI,160008034196526,,3218,Pass Entry (Tag On),,1,0.0,0.0,0.0,0.0,0.0,Unlmtd,0.0,Success,First Transit,3218,19,15,302018,32,2016-04-30 19:25:52,2016-04-30 19:46:52,10.9,23.0,8.9
2016-04-30 12:01:22,Reg SV Regular,160007763079713,,3296,SV Entry (Tag On),,1,0.75,0.0,-0.75,-0.75,15.25,Unlmtd,,Success,First Transit,3296,11,51,103003,10,2016-04-30 11:51:30,2016-04-30 12:13:00,0.5,19.0,3.0
2016-04-30 13:15:10,Reg SV Regular,160008833604613,,3296,SV Entry (Tag On),,1,0.75,0.0,-0.75,-0.75,15.75,Unlmtd,,Success,First Transit,3296,13,5,103006,10,2016-04-30 13:09:30,2016-04-30 13:32:43,4.5,23.0,4.7
2016-04-30 13:53:11,Reg SV Regular,160008321390873,,3296,SV Entry (Tag On),,1,0.75,0.0,-0.75,-0.75,13.25,Unlmtd,,Success,First Transit,3296,13,41,103007,10,2016-04-30 13:41:45,2016-04-30 14:05:15,0.8,21.0,3.3
2016-04-30 14:01:52,ASI,160008290757276,,3296,Pass Entry (Tag On),,1,0.0,0.0,0.0,0.0,0.0,Unlmtd,0.0,Success,First Transit,3296,13,41,103007,10,2016-04-30 13:41:45,2016-04-30 14:05:15,0.8,21.0,3.3
2016-04-30 14:01:54,ASI,160041892672320,,3296,Pass Entry (Tag On),,1,0.0,0.0,0.0,0.0,0.0,Unlmtd,0.0,Success,First Transit,3296,13,41,103007,10,2016-04-30 13:41:45,2016-04-30 14:05:15,0.8,21.0,3.3
2016-04-30 14:15:41,Reg SV Regular,160010257399688,,3296,SV Entry (Tag On),,1,0.75,0.0,-0.75,-0.75,2.0,Unlmtd,,Success,First Transit,3296,14,2,103008,10,2016-04-30 14:05:30,2016-04-30 14:29:15,3.5,24.0,3.3
2016-04-30 14:16:47,ASI,160008108445270,,3296,Pass Entry (Tag On),,1,0.0,0.0,0.0,0.0,0.0,Unlmtd,0.0,Success,First Transit,3296,14,2,103008,10,2016-04-30 14:05:30,2016-04-30 14:29:15,3.5,24.0,3.3
2016-04-30 14:16:51,ASI,160005594520475,,3296,Pass Entry (Tag On),,1,0.0,0.0,0.0,0.0,0.0,Unlmtd,0.0,Success,First Transit,3296,14,2,103008,10,2016-04-30 14:05:30,2016-04-30 14:29:15,3.5,24.0,3.3
2016-04-30 14:43:49,Reg SV Regular,160002451116380,,3296,SV Entry (Tag On),,1,0.75,0.0,-0.75,-0.75,10.25,Unlmtd,,Success,First Transit,3296,14,33,103009,10,2016-04-30 14:36:13,2016-04-30 14:56:45,3.2,21.0,2.8
2016-04-30 15:00:02,ASI,160008106691354,,3296,Pass Entry (Tag On),,1,0.0,0.0,0.0,0.0,0.0,Unlmtd,0.0,Success,First Transit,3296,14,56,103010,10,2016-04-30 14:57:00,2016-04-30 15:20:00,1.0,23.0,1.0
2016-04-30 16:44:33,Reg SV Regular,160007763079713,,3296,SV Entry (Tag On),,1,0.75,0.0,-0.75,-0.75,14.5,Unlmtd,,Success,First Transit,3296,16,42,103014,10,2016-04-30 16:44:13,2016-04-30 17:06:43,2.2,24.0,0.7
2016-04-30 17:20:55,ASI,160036515250678,,3296,Pass Entry (Tag On),,1,0.0,0.0,0.0,0.0,0.0,Unlmtd,0.0,Success,First Transit,3296,17,13,103015,10,2016-04-30 17:13:28,2016-04-30 17:35:43,0.5,21.0,1.7
2016-04-30 17:23:55,ASI,160019589648514,,3296,Pass Entry (Tag On),,1,0.0,0.0,0.0,0.0,0.0,Unlmtd,0.0,Success,First Transit,3296,17,13,103015,10,2016-04-30 17:13:28,2016-04-30 17:35:43,0.5,21.0,1.7
2016-04-30 17:31:21,ASI,160005782787993,,3296,Pass Entry (Tag On),,1,0.0,0.0,0.0,0.0,0.0,Unlmtd,0.0,Success,First Transit,3296,17,13,103015,10,2016-04-30 17:13:28,2016-04-30 17:35:43,0.5,21.0,1.7
2016-04-30 17:47:30,Reg SV Regular,160036054913025,,3296,SV Entry (Tag On),,1,0.75,0.0,-0.75,-0.75,14.5,Unlmtd,,Success,First Transit,3296,17,34,103016,10,2016-04-30 17:35:58,2016-04-30 17:56:14,2.0,23.0,-0.8
2016-04-30 18:36:59,Reg SV Regular,160008273897115,,3296,SV Entry (Tag On),,1,0.75,0.0,-0.75,-0.75,30.75,Unlmtd,,Success,First Transit,3296,18,26,103018,10,2016-04-30 18:29:13,2016-04-30 18:50:43,3.2,22.0,2.7
2016-04-30 18:41:02,Reg SV Regular,160001058378005,,3296,SV Entry (Tag On),,1,0.75,0.0,-0.75,-0.75,10.75,Unlmtd,,Success,First Transit,3296,18,26,103018,10,2016-04-30 18:29:13,2016-04-30 18:50:43,3.2,22.0,2.7
2016-04-30 18:41:13,Reg SV Regular,160001058370325,,3296,SV Entry (Tag On),,1,0.75,0.0,-0.75,-0.75,10.75,Unlmtd,,Success,First Transit,3296,18,26,103018,10,2016-04-30 18:29:13,2016-04-30 18:50:43,3.2,22.0,2.7
2016-04-30 19:34:11,Reg SV Regular,160008237754394,,3296,SV Entry (Tag On),,1,0.75,0.0,-0.75,-0.75,11.65,Unlmtd,,Success,First Transit,3296,19,23,103020,10,2016-04-30 19:23:58,2016-04-30 19:46:43,1.0,20.0,3.7
2016-04-30 08:06:55,Reg SV Regular,160004946780630,,3293,SV Entry (Tag On),,1,0.75,0.0,-0.75,-0.75,2.75,Unlmtd,,Success,First Transit,3293,8,4,501004,51s,2016-04-30 08:05:15,2016-04-30 08:13:45,1.3,9.0,0.8
2016-04-30 09:03:44,ASI,160033081310507,,3293,Pass Entry (Tag On),,1,0.0,0.0,0.0,0.0,0.0,Unlmtd,0.0,Success,First Transit,3293,8,57,501009,51s,2016-04-30 08:59:00,2016-04-30 09:23:30,2.0,11.0,15.5
2016-04-30 09:47:48,ASI,160005755075673,,3293,Pass Entry (Tag On),,1,0.0,0.0,0.0,0.0,0.0,Unlmtd,0.0,Success,First Transit,3293,9,44,501012,51s,2016-04-30 09:44:30,2016-04-30 09:53:45,0.5,8.0,1.8
2016-04-30 10:32:23,ASI,160008072655193,,3293,Pass Entry (Tag On),,1,0.0,0.0,0.0,0.0,0.0,Unlmtd,0.0,Success,First Transit,3293,10,27,501016,51s,2016-04-30 10:28:00,2016-04-30 10:37:45,1.0,9.0,1.8
2016-04-30 12:35:25,Reg SV Student,160029024629318,,3293,SV Entry (Tag On),,1,0.5,0.0,-0.5,-0.5,11.5,Unlmtd,,Success,First Transit,3293,12,34,501027,51s,2016-04-30 12:35:15,2016-04-30 12:47:45,1.3,11.0,2.8
2016-04-30 12:35:27,Reg SV Regular,160004829832474,,3293,SV Entry (Tag On),,1,0.75,0.0,-0.75,-0.75,23.45,Unlmtd,,Success,First Transit,3293,12,34,501027,51s,2016-04-30 12:35:15,2016-04-30 12:47:45,1.3,11.0,2.8
2016-04-30 14:14:33,Reg SV Student,160029024629318,,3293,SV Entry (Tag On),,1,0.5,0.0,-0.5,-0.5,11.0,Unlmtd,,Success,First Transit,3293,14,3,501035,51s,2016-04-30 14:05:45,2016-04-30 14:16:15,2.8,11.0,2.3
2016-04-30 14:14:35,Reg SV Regular,160004829832474,,3293,SV Entry (Tag On),,1,0.75,0.0,-0.75,-0.75,22.7,Unlmtd,,Success,First Transit,3293,14,3,501035,51s,2016-04-30 14:05:45,2016-04-30 14:16:15,2.8,11.0,2.3
2016-04-30 14:41:20,ASI,160008071993751,,3293,Pass Entry (Tag On),,1,0.0,0.0,0.0,0.0,0.0,Unlmtd,0.0,Success,First Transit,3293,14,37,501038,51s,2016-04-30 14:38:00,2016-04-30 14:47:45,1.0,8.0,2.8
2016-04-30 17:31:47,ASI,160005334576159,,3293,Pass Entry (Tag On),,1,0.0,0.0,0.0,0.0,0.0,Unlmtd,0.0,Success,First Transit,3293,17,22,501052,51s,2016-04-30 17:22:48,2016-04-30 17:31:47,0.8,8.0,1.8
2016-04-30 10:52:21,ASI,160019692531870,,3298,Pass Entry (Tag On),,1,0.0,0.0,0.0,0.0,0.0,Unlmtd,0.0,Success,First Transit,3298,10,46,101001,10,2016-04-30 10:46:36,2016-04-30 11:10:36,0.6,21.0,3.6
2016-04-30 10:53:57,EZ Pass S/D Z0,160039804618860,,3298,Pass Entry (Tag On),,1,0.0,0.0,0.0,0.0,0.11,Unlmtd,0.0,Success,First Transit,3298,10,46,101001,10,2016-04-30 10:46:36,2016-04-30 11:10:36,0.6,21.0,3.6
2016-04-30 11:18:17,Reg SV Regular,160041858585201,,3298,SV Entry (Tag On),,1,0.75,0.0,-0.75,-0.75,18.25,Unlmtd,,Success,First Transit,3298,11,14,101002,10,2016-04-30 11:16:21,2016-04-30 11:36:51,2.4,19.0,3.9
2016-04-30 11:26:58,Reg SV Regular,160008376342233,,3298,SV Entry (Tag On),,1,0.75,0.0,-0.75,-0.75,8.5,Unlmtd,,Success,First Transit,3298,11,14,101002,10,2016-04-30 11:16:21,2016-04-30 11:36:51,2.4,19.0,3.9
2016-04-30 12:19:04,ASI,160005510453272,,3298,Pass Entry (Tag On),,1,0.0,0.0,0.0,0.0,0.0,Unlmtd,0.0,Success,First Transit,3298,12,6,101004,10,2016-04-30 12:08:06,2016-04-30 12:28:51,2.1,20.0,2.9
2016-04-30 12:34:43,EZ Pass AD Repl,160009094588990,,3298,Pass Entry (Tag On),,1,0.0,0.0,0.0,0.0,0.0,Unlmtd,0.0,Success,First Transit,3298,12,30,101005,10,2016-04-30 12:30:51,2016-04-30 12:55:51,0.9,23.0,2.9
2016-04-30 12:38:27,ASI,160005334914079,,3298,Pass Entry (Tag On),,1,0.0,0.0,0.0,0.0,0.0,Unlmtd,0.0,Success,First Transit,3298,12,30,101005,10,2016-04-30 12:30:51,2016-04-30 12:55:51,0.9,23.0,2.9
2016-04-30 13:32:46,EZ Pass AdultZ0,160010328467522,,3298,Pass Entry (Tag On),,1,0.0,0.0,0.0,0.0,0.0,Unlmtd,2.0,Success,First Transit,3298,13,26,101007,10,2016-04-30 13:28:06,2016-04-30 13:53:36,2.1,23.0,4.6
2016-04-30 13:35:57,ASI,160005328435354,,3298,Pass Entry (Tag On),,1,0.0,0.0,0.0,0.0,0.0,Unlmtd,0.0,Success,First Transit,3298,13,26,101007,10,2016-04-30 13:28:06,2016-04-30 13:53:36,2.1,23.0,4.6
2016-04-30 13:58:42,Reg SV Regular,160001058370325,,3298,SV Entry (Tag On),,1,0.75,0.0,-0.75,-0.75,11.5,Unlmtd,,Success,First Transit,3298,13,56,101008,10,2016-04-30 13:57:06,2016-04-30 14:19:36,1.1,21.0,2.6
2016-04-30 13:58:44,Reg SV Regular,160001058378005,,3298,SV Entry (Tag On),,1,0.75,0.0,-0.75,-0.75,11.5,Unlmtd,,Success,First Transit,3298,13,56,101008,10,2016-04-30 13:57:06,2016-04-30 14:19:36,1.1,21.0,2.6
2016-04-30 14:20:38,ASI,160008290757276,,3298,Pass Entry (Tag On),,1,0.0,0.0,0.0,0.0,0.0,Unlmtd,0.0,Success,First Transit,3298,14,20,101009,10,2016-04-30 14:20:21,2016-04-30 14:45:21,0.4,24.0,1.4
2016-04-30 14:20:42,ASI,160041892672320,,3298,Pass Entry (Tag On),,1,0.0,0.0,0.0,0.0,0.0,Unlmtd,0.0,Success,First Transit,3298,14,20,101009,10,2016-04-30 14:20:21,2016-04-30 14:45:21,0.4,24.0,1.4
2016-04-30 14:26:41,Reg SV Regular,160000513210647,,3298,SV Entry (Tag On),,1,0.75,0.0,-0.75,-0.75,123.0,Unlmtd,,Success,First Transit,3298,14,20,101009,10,2016-04-30 14:20:21,2016-04-30 14:45:21,0.4,24.0,1.4
2016-04-30 14:30:40,ASI,160012372652546,,3298,Pass Entry (Tag On),,1,0.0,0.0,0.0,0.0,0.4,Unlmtd,0.0,Success,First Transit,3298,14,20,101009,10,2016-04-30 14:20:21,2016-04-30 14:45:21,0.4,24.0,1.4
2016-04-30 15:29:29,EZ Pass AdultZ0,160042466764402,,3298,Pass Entry (Tag On),,1,0.0,0.0,0.0,0.0,0.0,Unlmtd,2.0,Success,First Transit,3298,15,14,101011,10,2016-04-30 15:17:21,2016-04-30 15:39:36,3.4,23.0,2.6
2016-04-30 16:20:35,ASI,160033065097864,,3298,Pass Entry (Tag On),,1,0.0,0.0,0.0,0.0,0.0,Unlmtd,0.0,Success,First Transit,3298,16,7,101013,10,2016-04-30 16:07:20,2016-04-30 16:33:21,0.3,23.0,3.4
2016-04-30 17:04:42,ASI,160019589209630,,3298,Pass Entry (Tag On),,1,0.0,0.0,0.0,0.0,0.0,Unlmtd,0.0,Success,First Transit,3298,17,0,101015,10,2016-04-30 17:00:36,2016-04-30 17:22:52,0.6,23.0,-0.1
2016-04-30 18:09:55,ASI,160008141487834,,3298,Pass Entry (Tag On),,1,0.0,0.0,0.0,0.0,0.0,Unlmtd,0.0,Success,First Transit,3298,17,52,101017,10,2016-04-30 17:52:36,2016-04-30 18:17:21,0.6,22.0,3.4
2016-04-30 19:27:07,PS Try Tran Mon,160042586851444,,3298,Pass Entry (Tag On),,1,0.0,0.0,0.0,0.0,0.0,Unlmtd,0.0,Success,First Transit,3298,19,17,101020,10,2016-04-30 19:17:36,2016-04-30 19:38:06,0.6,20.0,1.1
2016-04-30 19:27:12,Reg SV Regular,160000428618850,,3298,SV Entry (Tag On),,1,0.75,0.0,-0.75,-0.75,12.9,Unlmtd,,Success,First Transit,3298,19,17,101020,10,2016-04-30 19:17:36,2016-04-30 19:38:06,0.6,20.0,1.1
2016-04-30 14:40:33,Reg SV Regular,160007816038880,,3292,SV Entry (Tag On),,1,0.75,0.0,-0.75,-0.75,17.5,Unlmtd,,Success,First Transit,3292,14,38,102009,10,2016-04-30 14:38:58,2016-04-30 15:00:29,1.0,23.0,-0.5
2016-04-30 14:50:20,EZ Pass AdultZ1,160005643167195,,3292,Pass Entry (Tag On),,1,0.0,0.0,0.0,0.0,0.0,Unlmtd,0.0,Success,First Transit,3292,14,38,102009,10,2016-04-30 14:38:58,2016-04-30 15:00:29,1.0,23.0,-0.5
2016-04-30 15:41:50,Reg SV Regular,160008910309599,,3292,SV Entry (Tag On),,1,0.75,0.0,-0.75,-0.75,4.75,Unlmtd,,Success,First Transit,3292,15,31,102011,10,2016-04-30 15:34:28,2016-04-30 15:58:43,3.5,23.0,4.7
2016-04-30 15:51:35,ASI,160004975267673,,3292,Pass Entry (Tag On),,1,0.0,0.0,0.0,0.0,0.0,Unlmtd,0.0,Success,First Transit,3292,15,31,102011,10,2016-04-30 15:34:28,2016-04-30 15:58:43,3.5,23.0,4.7
2016-04-30 16:49:00,Reg SV Regular,160008520667030,,3292,SV Entry (Tag On),,1,0.75,0.0,-0.75,-0.75,51.25,Unlmtd,,Success,First Transit,3292,16,24,102013,10,2016-04-30 16:31:58,2016-04-30 16:59:58,8.0,23.0,13.0
2016-04-30 19:35:41,Reg SV Regular,160001058370325,,3292,SV Entry (Tag On),,1,0.75,0.0,-0.75,-0.75,10.0,Unlmtd,,Success,First Transit,3292,19,33,102020,10,2016-04-30 19:33:43,2016-04-30 19:53:43,0.7,18.0,2.7
2016-04-30 19:35:45,Reg SV Regular,160001058378005,,3292,SV Entry (Tag On),,1,0.75,0.0,-0.75,-0.75,10.0,Unlmtd,,Success,First Transit,3292,19,33,102020,10,2016-04-30 19:33:43,2016-04-30 19:53:43,0.7,18.0,2.7
2016-04-30 10:47:35,ASI,160005334716318,,3220,Pass Entry (Tag On),,1,0.0,0.0,0.0,0.0,0.0,Unlmtd,0.0,Success,First Transit,3220,10,45,301001,31,2016-04-30 10:46:23,2016-04-30 11:11:38,1.4,25.0,1.6
2016-04-30 11:32:01,ASI,160008118880797,,3220,Pass Entry (Tag On),,1,0.0,0.0,0.0,0.0,0.0,Unlmtd,0.0,Success,First Transit,3220,11,18,301002,31,2016-04-30 11:20:24,2016-04-30 11:47:24,2.4,27.0,2.4
2016-04-30 11:35:11,Reg SV Regular,160008118966232,,3220,SV Entry (Tag On),,1,0.75,0.0,-0.75,-0.75,24.25,Unlmtd,,Success,First Transit,3220,11,18,301002,31,2016-04-30 11:20:24,2016-04-30 11:47:24,2.4,27.0,2.4
2016-04-30 11:35:54,ASI,160041279924807,,3220,Pass Entry (Tag On),,1,0.0,0.0,0.0,0.0,0.0,Unlmtd,0.0,Success,First Transit,3220,11,18,301002,31,2016-04-30 11:20:24,2016-04-30 11:47:24,2.4,27.0,2.4
2016-04-30 11:50:40,ASI,160042245076169,,3220,Pass Entry (Tag On),,1,0.0,0.0,0.0,0.0,0.0,Unlmtd,0.0,Success,First Transit,3220,11,45,301003,31,2016-04-30 11:47:54,2016-04-30 12:11:39,2.9,23.0,3.7
2016-04-30 11:55:33,ASI,160019591285156,,3220,Pass Entry (Tag On),,1,0.0,0.0,0.0,0.0,0.0,Unlmtd,0.0,Success,First Transit,3220,11,45,301003,31,2016-04-30 11:47:54,2016-04-30 12:11:39,2.9,23.0,3.7
2016-04-30 11:57:27,ASI,160033065107143,,3220,Pass Entry (Tag On),,1,0.0,0.0,0.0,0.0,0.0,Unlmtd,0.0,Success,First Transit,3220,11,45,301003,31,2016-04-30 11:47:54,2016-04-30 12:11:39,2.9,23.0,3.7
2016-04-30 12:32:42,EZ Annual Z5,160036860536143,,3220,Pass Entry (Tag On),,1,0.0,0.0,0.0,0.0,0.0,Unlmtd,0.0,Success,First Transit,3220,12,21,301004,31,2016-04-30 12:23:24,2016-04-30 12:55:08,2.4,26.0,8.1
2016-04-30 12:36:29,ASI,160019591285156,,3220,Pass Entry (Tag On),,1,0.0,0.0,0.0,0.0,0.0,Unlmtd,0.0,Success,First Transit,3220,12,21,301004,31,2016-04-30 12:23:24,2016-04-30 12:55:08,2.4,26.0,8.1
2016-04-30 12:36:35,ASI,160033065107143,,3220,Pass Entry (Tag On),,1,0.0,0.0,0.0,0.0,0.0,Unlmtd,0.0,Success,First Transit,3220,12,21,301004,31,2016-04-30 12:23:24,2016-04-30 12:55:08,2.4,26.0,8.1
2016-04-30 12:52:35,ASI,160028110442990,,3220,Pass Entry (Tag On),,1,0.0,0.0,0.0,0.0,0.0,Unlmtd,0.0,Success,First Transit,3220,12,21,301004,31,2016-04-30 12:23:24,2016-04-30 12:55:08,2.4,26.0,8.1
2016-04-30 13:00:40,ASI,160008150044955,,3220,Pass Entry (Tag On),,1,0.0,0.0,0.0,0.0,0.0,Unlmtd,0.0,Success,First Transit,3220,12,47,301005,31,2016-04-30 12:56:53,2016-04-30 13:23:08,9.9,23.0,13.1
2016-04-30 13:06:27,ASI,160005327771031,,3220,Pass Entry (Tag On),,1,0.0,0.0,0.0,0.0,0.0,Unlmtd,0.0,Success,First Transit,3220,12,47,301005,31,2016-04-30 12:56:53,2016-04-30 13:23:08,9.9,23.0,13.1
2016-04-30 13:06:30,ASI,160005501495514,,3220,Pass Entry (Tag On),,1,0.0,0.0,0.0,0.0,0.0,Unlmtd,0.0,Success,First Transit,3220,12,47,301005,31,2016-04-30 12:56:53,2016-04-30 13:23:08,9.9,23.0,13.1
2016-04-30 13:30:36,ASI,160005702152476,,3220,Pass Entry (Tag On),,1,0.0,0.0,0.0,0.0,0.0,Unlmtd,0.0,Success,First Transit,3220,13,18,301006,31,2016-04-30 13:26:38,2016-04-30 13:54:08,8.6,27.0,9.1
2016-04-30 13:35:02,ASI,160036513908434,,3220,Pass Entry (Tag On),,1,0.0,0.0,0.0,0.0,0.0,Unlmtd,0.0,Success,First Transit,3220,13,18,301006,31,2016-04-30 13:26:38,2016-04-30 13:54:08,8.6,27.0,9.1
2016-04-30 13:50:33,ASI,160036515583474,,3220,Pass Entry (Tag On),,1,0.0,0.0,0.0,0.0,0.0,Unlmtd,0.0,Success,First Transit,3220,13,18,301006,31,2016-04-30 13:26:38,2016-04-30 13:54:08,8.6,27.0,9.1
2016-04-30 14:04:46,ASI,160005654036313,,3220,Pass Entry (Tag On),,1,0.0,0.0,0.0,0.0,0.0,Unlmtd,0.0,Success,First Transit,3220,13,45,301007,31,2016-04-30 13:55:23,2016-04-30 14:21:23,10.4,24.0,12.4
2016-04-30 14:24:43,ASI,160005327771031,,3220,Pass Entry (Tag On),,1,0.0,0.0,0.0,0.0,0.0,Unlmtd,0.0,Success,First Transit,3220,14,17,301008,31,2016-04-30 14:22:39,2016-04-30 14:49:54,5.7,28.0,4.9
2016-04-30 14:24:45,ASI,160005501495514,,3220,Pass Entry (Tag On),,1,0.0,0.0,0.0,0.0,0.0,Unlmtd,0.0,Success,First Transit,3220,14,17,301008,31,2016-04-30 14:22:39,2016-04-30 14:49:54,5.7,28.0,4.9
2016-04-30 14:37:35,ASI,160008280931352,,3220,Pass Entry (Tag On),,1,0.0,0.0,0.0,0.0,0.0,Unlmtd,0.0,Success,First Transit,3220,14,17,301008,31,2016-04-30 14:22:39,2016-04-30 14:49:54,5.7,28.0,4.9
2016-04-30 14:38:59,ASI,160041880306881,,3220,Pass Entry (Tag On),,1,0.0,0.0,0.0,0.0,0.0,Unlmtd,0.0,Success,First Transit,3220,14,17,301008,31,2016-04-30 14:22:39,2016-04-30 14:49:54,5.7,28.0,4.9
2016-04-30 14:48:25,ASI,160005702152476,,3220,Pass Entry (Tag On),,1,0.0,0.0,0.0,0.0,0.0,Unlmtd,0.0,Success,First Transit,3220,14,17,301008,31,2016-04-30 14:22:39,2016-04-30 14:49:54,5.7,28.0,4.9
2016-04-30 14:55:17,ASI,160005334490070,,3220,Pass Entry (Tag On),,1,0.0,0.0,0.0,0.0,0.0,Unlmtd,0.0,Success,First Transit,3220,14,45,301009,31,2016-04-30 14:50:09,2016-04-30 15:12:09,5.2,25.0,2.2
2016-04-30 15:35:00,ASI,160005334490070,,3220,Pass Entry (Tag On),,1,0.0,0.0,0.0,0.0,0.0,Unlmtd,0.0,Success,First Transit,3220,15,18,301010,31,2016-04-30 15:19:23,2016-04-30 15:47:24,1.4,27.0,2.4
2016-04-30 15:39:15,Reg SV Regular,160009067490075,,3220,SV Entry (Tag On),,1,0.75,0.0,-0.75,-0.75,0.75,Unlmtd,,Success,First Transit,3220,15,18,301010,31,2016-04-30 15:19:23,2016-04-30 15:47:24,1.4,27.0,2.4
2016-04-30 15:42:00,Reg SV Regular,160008673377114,,3220,SV Entry (Tag On),,1,0.75,0.0,-0.75,-0.75,8.75,Unlmtd,,Success,First Transit,3220,15,18,301010,31,2016-04-30 15:19:23,2016-04-30 15:47:24,1.4,27.0,2.4
2016-04-30 16:36:26,ASI,160008075649433,,3220,Pass Entry (Tag On),,1,0.0,0.0,0.0,0.0,0.0,Unlmtd,0.0,Success,First Transit,3220,16,21,301012,31,2016-04-30 16:22:53,2016-04-30 16:48:53,1.9,27.0,0.9
2016-04-30 16:36:57,ASI,160028111736598,,3220,Pass Entry (Tag On),,1,0.0,0.0,0.0,0.0,0.0,Unlmtd,0.0,Success,First Transit,3220,16,21,301012,31,2016-04-30 16:22:53,2016-04-30 16:48:53,1.9,27.0,0.9
2016-04-30 16:43:38,ASI,160008071993751,,3220,Pass Entry (Tag On),,1,0.0,0.0,0.0,0.0,0.0,Unlmtd,0.0,Success,First Transit,3220,16,21,301012,31,2016-04-30 16:22:53,2016-04-30 16:48:53,1.9,27.0,0.9
2016-04-30 17:00:09,ASI,160005654036313,,3220,Pass Entry (Tag On),,1,0.0,0.0,0.0,0.0,0.0,Unlmtd,0.0,Success,First Transit,3220,16,48,301013,31,2016-04-30 16:49:38,2016-04-30 17:09:54,1.6,24.0,-2.1
2016-04-30 17:31:15,ASI,160038273293874,,3220,Pass Entry (Tag On),,1,0.0,0.0,0.0,0.0,0.0,Unlmtd,0.0,Success,First Transit,3220,17,20,301014,31,2016-04-30 17:20:38,2016-04-30 17:47:39,0.6,28.0,-0.3
2016-04-30 17:37:35,ASI,160036513746198,,3220,Pass Entry (Tag On),,1,0.0,0.0,0.0,0.0,0.0,Unlmtd,0.0,Success,First Transit,3220,17,20,301014,31,2016-04-30 17:20:38,2016-04-30 17:47:39,0.6,28.0,-0.3
2016-04-30 17:40:06,ASI,160036514688274,,3220,Pass Entry (Tag On),,1,0.0,0.0,0.0,0.0,0.0,Unlmtd,0.0,Success,First Transit,3220,17,20,301014,31,2016-04-30 17:20:38,2016-04-30 17:47:39,0.6,28.0,-0.3
2016-04-30 18:33:31,PS Try Tran Mon,160042586851444,,3220,Pass Entry (Tag On),,1,0.0,0.0,0.0,0.0,0.0,Unlmtd,0.0,Success,First Transit,3220,18,20,301016,31,2016-04-30 18:20:53,2016-04-30 18:47:23,0.9,28.0,-0.6
2016-04-30 11:03:43,Reg SV Regular,160003099506941,,3221,SV Entry (Tag On),,1,0.75,0.0,-0.75,-0.75,37.65,Unlmtd,,Success,First Transit,3221,11,0,291001,20cc,2016-04-30 11:00:28,2016-04-30 11:23:13,0.5,23.0,0.2
2016-04-30 11:03:47,Reg SV Regular,160002838550947,,3221,SV Entry (Tag On),,1,0.75,0.0,-0.75,-0.75,1.25,Unlmtd,,Success,First Transit,3221,11,0,291001,20cc,2016-04-30 11:00:28,2016-04-30 11:23:13,0.5,23.0,0.2
2016-04-30 11:35:42,ASI,160005781944470,,3221,Pass Entry (Tag On),,1,0.0,0.0,0.0,0.0,0.0,Unlmtd,0.0,Success,First Transit,3221,11,23,291002,20cc,2016-04-30 11:23:43,2016-04-30 12:27:28,0.7,64.0,0.5
2016-04-30 11:42:01,ASI,160041279133920,,3221,Pass Entry (Tag On),,1,0.0,0.0,0.0,0.0,0.0,Unlmtd,0.0,Success,First Transit,3221,11,23,291002,20cc,2016-04-30 11:23:43,2016-04-30 12:27:28,0.7,64.0,0.5
2016-04-30 11:56:24,ASI,160005533707993,,3221,Pass Entry (Tag On),,1,0.0,0.0,0.0,0.0,0.0,Unlmtd,0.0,Success,First Transit,3221,11,23,291002,20cc,2016-04-30 11:23:43,2016-04-30 12:27:28,0.7,64.0,0.5
2016-04-30 12:01:43,ASI,160005342376154,,3221,Pass Entry (Tag On),,1,0.0,0.0,0.0,0.0,0.0,Unlmtd,0.0,Success,First Transit,3221,11,23,291002,20cc,2016-04-30 11:23:43,2016-04-30 12:27:28,0.7,64.0,0.5
2016-04-30 12:05:02,Reg SV Regular,160005873163674,,3221,SV Entry (Tag On),,1,0.75,0.0,-0.75,-0.75,26.75,Unlmtd,,Success,First Transit,3221,11,23,291002,20cc,2016-04-30 11:23:43,2016-04-30 12:27:28,0.7,64.0,0.5
2016-04-30 12:05:19,Reg SV Regular,160005605189914,,3221,SV Entry (Tag On),,1,0.75,0.0,-0.75,-0.75,0.5,Unlmtd,,Success,First Transit,3221,11,23,291002,20cc,2016-04-30 11:23:43,2016-04-30 12:27:28,0.7,64.0,0.5
2016-04-30 12:06:14,ASI,160008120238877,,3221,Pass Entry (Tag On),,1,0.0,0.0,0.0,0.0,0.0,Unlmtd,0.0,Success,First Transit,3221,11,23,291002,20cc,2016-04-30 11:23:43,2016-04-30 12:27:28,0.7,64.0,0.5
2016-04-30 12:10:03,EZ Pass AdultZ0,160008010193794,,3221,Pass Entry (Tag On),,1,0.0,0.0,0.0,0.0,0.0,Unlmtd,0.0,Success,First Transit,3221,11,23,291002,20cc,2016-04-30 11:23:43,2016-04-30 12:27:28,0.7,64.0,0.5
2016-04-30 12:28:22,ASI,160019589490115,,3221,Pass Entry (Tag On),,1,0.0,0.0,0.0,0.0,0.0,Unlmtd,0.0,Success,First Transit,3221,12,27,291003,20cc,2016-04-30 12:27:58,2016-04-30 13:35:13,1.0,67.0,1.2
2016-04-30 12:28:46,ASI,160005585933919,,3221,Pass Entry (Tag On),,1,0.0,0.0,0.0,0.0,0.0,Unlmtd,0.0,Success,First Transit,3221,12,27,291003,20cc,2016-04-30 12:27:58,2016-04-30 13:35:13,1.0,67.0,1.2
2016-04-30 12:42:41,Reg SV Regular,1700998440751755527,,3221,SV Entry (Tag On),,1,0.75,0.0,-0.75,-0.75,0.0,Unlmtd,,Success,First Transit,3221,12,27,291003,20cc,2016-04-30 12:27:58,2016-04-30 13:35:13,1.0,67.0,1.2
2016-04-30 12:55:43,ASI,160008139195670,,3221,Pass Entry (Tag On),,1,0.0,0.0,0.0,0.0,0.0,Unlmtd,0.0,Success,First Transit,3221,12,27,291003,20cc,2016-04-30 12:27:58,2016-04-30 13:35:13,1.0,67.0,1.2
2016-04-30 13:08:31,ASI,160005334716318,,3221,Pass Entry (Tag On),,1,0.0,0.0,0.0,0.0,0.0,Unlmtd,0.0,Success,First Transit,3221,12,27,291003,20cc,2016-04-30 12:27:58,2016-04-30 13:35:13,1.0,67.0,1.2
2016-04-30 13:12:08,ASI,160005596125919,,3221,Pass Entry (Tag On),,1,0.0,0.0,0.0,0.0,0.0,Unlmtd,0.0,Success,First Transit,3221,12,27,291003,20cc,2016-04-30 12:27:58,2016-04-30 13:35:13,1.0,67.0,1.2
2016-04-30 13:16:02,ASI,160005678225439,,3221,Pass Entry (Tag On),,1,0.0,0.0,0.0,0.0,0.0,Unlmtd,0.0,Success,First Transit,3221,12,27,291003,20cc,2016-04-30 12:27:58,2016-04-30 13:35:13,1.0,67.0,1.2
2016-04-30 13:51:07,Reg SV Regular,160008557537437,,3221,SV Entry (Tag On),,1,0.75,0.0,-0.75,-0.75,35.75,Unlmtd,,Success,First Transit,3221,13,34,291004,20cc,2016-04-30 13:35:58,2016-04-30 14:38:43,2.0,64.0,0.7
2016-04-30 13:51:09,Reg SV Regular,160008281598879,,3221,SV Entry (Tag On),,1,0.75,0.0,-0.75,-0.75,47.75,Unlmtd,,Success,First Transit,3221,13,34,291004,20cc,2016-04-30 13:35:58,2016-04-30 14:38:43,2.0,64.0,0.7
2016-04-30 14:08:32,ASI,160005587593752,,3221,Pass Entry (Tag On),,1,0.0,0.0,0.0,0.0,0.0,Unlmtd,0.0,Success,First Transit,3221,13,34,291004,20cc,2016-04-30 13:35:58,2016-04-30 14:38:43,2.0,64.0,0.7
2016-04-30 14:14:16,ASI,160041888429289,,3221,Pass Entry (Tag On),,1,0.0,0.0,0.0,0.0,0.0,Unlmtd,0.0,Success,First Transit,3221,13,34,291004,20cc,2016-04-30 13:35:58,2016-04-30 14:38:43,2.0,64.0,0.7
2016-04-30 14:18:28,ASI,160008074434712,,3221,Pass Entry (Tag On),,1,0.0,0.0,0.0,0.0,0.0,Unlmtd,0.0,Success,First Transit,3221,13,34,291004,20cc,2016-04-30 13:35:58,2016-04-30 14:38:43,2.0,64.0,0.7
2016-04-30 14:22:54,ASI,160041880306881,,3221,Pass Entry (Tag On),,1,0.0,0.0,0.0,0.0,0.0,Unlmtd,0.0,Success,First Transit,3221,13,34,291004,20cc,2016-04-30 13:35:58,2016-04-30 14:38:43,2.0,64.0,0.7
2016-04-30 14:24:55,ASI,160028110442990,,3221,Pass Entry (Tag On),,1,0.0,0.0,0.0,0.0,0.0,Unlmtd,0.0,Success,First Transit,3221,13,34,291004,20cc,2016-04-30 13:35:58,2016-04-30 14:38:43,2.0,64.0,0.7
2016-04-30 14:48:09,DCFS EZ (New),1701955558129168641,,3221,Pass Entry (Tag On),,1,0.0,0.0,0.0,0.0,1.25,Unlmtd,0.0,Success,First Transit,3221,14,38,291005,20cc,2016-04-30 14:38:58,2016-04-30 15:43:58,1.0,65.0,1.0
2016-04-30 14:52:06,ASI,160008071993751,,3221,Pass Entry (Tag On),,1,0.0,0.0,0.0,0.0,0.0,Unlmtd,0.0,Success,First Transit,3221,14,38,291005,20cc,2016-04-30 14:38:58,2016-04-30 15:43:58,1.0,65.0,1.0
2016-04-30 15:12:10,EZ Pass AdultZ1,160005643167195,,3221,Pass Entry (Tag On),,1,0.0,0.0,0.0,0.0,0.0,Unlmtd,0.0,Success,First Transit,3221,14,38,291005,20cc,2016-04-30 14:38:58,2016-04-30 15:43:58,1.0,65.0,1.0
2016-04-30 15:56:52,ASI,160008120210397,,3221,Pass Entry (Tag On),,1,0.0,0.0,0.0,0.0,0.0,Unlmtd,0.0,Success,First Transit,3221,15,43,291006,20cc,2016-04-30 15:44:28,2016-04-30 16:52:43,1.5,67.0,2.7
2016-04-30 16:00:41,ASI,160011542641504,,3221,Pass Entry (Tag On),,1,0.0,0.0,0.0,0.0,0.0,Unlmtd,0.0,Success,First Transit,3221,15,43,291006,20cc,2016-04-30 15:44:28,2016-04-30 16:52:43,1.5,67.0,2.7
2016-04-30 16:26:57,Reg SV Regular,160004903346078,,3221,SV Entry (Tag On),,1,0.75,0.0,-0.75,-0.75,0.4,Unlmtd,,Success,First Transit,3221,15,43,291006,20cc,2016-04-30 15:44:28,2016-04-30 16:52:43,1.5,67.0,2.7
2016-04-30 16:32:55,Reg SV Sr/Dis,1701696413202673923,,3221,SV Entry (Tag On),,1,0.35,0.0,-0.35,-0.35,2.55,Unlmtd,,Success,First Transit,3221,15,43,291006,20cc,2016-04-30 15:44:28,2016-04-30 16:52:43,1.5,67.0,2.7
2016-04-30 16:37:32,ASI,160036515583474,,3221,Pass Entry (Tag On),,1,0.0,0.0,0.0,0.0,0.0,Unlmtd,0.0,Success,First Transit,3221,15,43,291006,20cc,2016-04-30 15:44:28,2016-04-30 16:52:43,1.5,67.0,2.7
2016-04-30 16:57:17,ASI,160036513746198,,3221,Pass Entry (Tag On),,1,0.0,0.0,0.0,0.0,0.0,Unlmtd,0.0,Success,First Transit,3221,16,50,291007,20cc,2016-04-30 16:53:28,2016-04-30 17:53:28,3.5,62.0,1.5
2016-04-30 17:05:15,ASI,160021186809127,,3221,Pass Entry (Tag On),,1,0.0,0.0,0.0,0.0,0.0,Unlmtd,0.0,Success,First Transit,3221,16,50,291007,20cc,2016-04-30 16:53:28,2016-04-30 17:53:28,3.5,62.0,1.5
2016-04-30 17:10:03,ASI,160008172365917,,3221,Pass Entry (Tag On),,1,0.0,0.0,0.0,0.0,0.0,Unlmtd,0.0,Success,First Transit,3221,16,50,291007,20cc,2016-04-30 16:53:28,2016-04-30 17:53:28,3.5,62.0,1.5
2016-04-30 17:31:35,ASI,160008117347350,,3221,Pass Entry (Tag On),,1,0.0,0.0,0.0,0.0,0.0,Unlmtd,0.0,Success,First Transit,3221,16,50,291007,20cc,2016-04-30 16:53:28,2016-04-30 17:53:28,3.5,62.0,1.5
2016-04-30 17:31:46,Reg SV Sr/Dis,160007946832194,,3221,SV Entry (Tag On),,1,0.35,0.0,-0.35,-0.35,1.7,Unlmtd,,Success,First Transit,3221,16,50,291007,20cc,2016-04-30 16:53:28,2016-04-30 17:53:28,3.5,62.0,1.5
2016-04-30 17:33:33,Reg SV Regular,160008974965153,,3221,SV Entry (Tag On),,1,0.75,0.0,-0.75,-0.75,21.0,Unlmtd,,Success,First Transit,3221,16,50,291007,20cc,2016-04-30 16:53:28,2016-04-30 17:53:28,3.5,62.0,1.5
2016-04-30 17:36:56,ASI,160008110469912,,3221,Pass Entry (Tag On),,1,0.0,0.0,0.0,0.0,0.0,Unlmtd,0.0,Success,First Transit,3221,16,50,291007,20cc,2016-04-30 16:53:28,2016-04-30 17:53:28,3.5,62.0,1.5
2016-04-30 11:15:20,Reg SV Regular,160008305146713,,3222,SV Entry (Tag On),,1,0.75,0.0,-0.75,-0.75,19.0,Unlmtd,,Success,First Transit,3222,11,10,202001,20cw,2016-04-30 11:11:09,2016-04-30 12:05:22,1.2,51.0,4.4
2016-04-30 11:19:19,ASI,160005497356316,,3222,Pass Entry (Tag On),,1,0.0,0.0,0.0,0.0,0.0,Unlmtd,0.0,Success,First Transit,3222,11,10,202001,20cw,2016-04-30 11:11:09,2016-04-30 12:05:22,1.2,51.0,4.4
2016-04-30 11:23:40,Reg SV Sr/Dis,160011543600541,,3222,Hotlisted - Reject Everywhere,,1,0.0,0.0,0.0,0.0,1.0,Unlmtd,,Hotlisted - Reject,First Transit,3222,11,10,202001,20cw,2016-04-30 11:11:09,2016-04-30 12:05:22,1.2,51.0,4.4
2016-04-30 11:23:44,ASI,160008147380959,,3222,Pass Entry (Tag On),,1,0.0,0.0,0.0,0.0,0.0,Unlmtd,0.0,Success,First Transit,3222,11,10,202001,20cw,2016-04-30 11:11:09,2016-04-30 12:05:22,1.2,51.0,4.4
2016-04-30 11:27:38,ASI,160005847711830,,3222,Pass Entry (Tag On),,1,0.0,0.0,0.0,0.0,0.0,Unlmtd,0.0,Success,First Transit,3222,11,10,202001,20cw,2016-04-30 11:11:09,2016-04-30 12:05:22,1.2,51.0,4.4
2016-04-30 11:57:35,ASI,160042245293764,,3222,Pass Entry (Tag On),,1,0.0,0.0,0.0,0.0,0.0,Unlmtd,0.0,Success,First Transit,3222,11,10,202001,20cw,2016-04-30 11:11:09,2016-04-30 12:05:22,1.2,51.0,4.4
2016-04-30 11:57:40,ASI,160041278821921,,3222,Pass Entry (Tag On),,1,0.0,0.0,0.0,0.0,0.0,Unlmtd,0.0,Success,First Transit,3222,11,10,202001,20cw,2016-04-30 11:11:09,2016-04-30 12:05:22,1.2,51.0,4.4
2016-04-30 12:00:09,EZ Pass AdultZ0,160000620287769,,3222,Pass Entry (Tag On),,1,0.0,0.0,0.0,0.0,0.0,Unlmtd,1.0,Success,First Transit,3222,11,10,202001,20cw,2016-04-30 11:11:09,2016-04-30 12:05:22,1.2,51.0,4.4
2016-04-30 12:01:38,ASI,160005585933919,,3222,Pass Entry (Tag On),,1,0.0,0.0,0.0,0.0,0.0,Unlmtd,0.0,Success,First Transit,3222,11,10,202001,20cw,2016-04-30 11:11:09,2016-04-30 12:05:22,1.2,51.0,4.4
2016-04-30 12:04:06,ASI,160008074052316,,3222,Pass Entry (Tag On),,1,0.0,0.0,0.0,0.0,0.0,Unlmtd,0.0,Success,First Transit,3222,11,10,202001,20cw,2016-04-30 11:11:09,2016-04-30 12:05:22,1.2,51.0,4.4
2016-04-30 12:11:01,Reg SV Regular,160008008179714,,3222,SV Entry (Tag On),,1,0.75,0.0,-0.75,-0.75,12.25,Unlmtd,,Success,First Transit,3222,12,6,202002,20cw,2016-04-30 12:06:22,2016-04-30 13:01:51,0.4,54.0,1.9
2016-04-30 12:15:16,ASI,160008139195670,,3222,Pass Entry (Tag On),,1,0.0,0.0,0.0,0.0,0.0,Unlmtd,0.0,Success,First Transit,3222,12,6,202002,20cw,2016-04-30 12:06:22,2016-04-30 13:01:51,0.4,54.0,1.9
2016-04-30 12:27:48,Reg SV Sr/Dis,160005437596310,,3222,SV Entry (Tag On),,1,0.35,0.0,-0.35,-0.35,8.15,Unlmtd,,Success,First Transit,3222,12,6,202002,20cw,2016-04-30 12:06:22,2016-04-30 13:01:51,0.4,54.0,1.9
2016-04-30 13:21:44,Reg SV Sr/Dis,160017161520291,,3222,SV Entry (Tag On),,1,0.35,0.0,-0.35,-0.35,11.05,Unlmtd,,Success,First Transit,3222,13,10,202003,20cw,2016-04-30 13:15:51,2016-04-30 14:07:35,5.9,55.0,2.6
2016-04-30 13:45:19,Reg SV Regular,160008451027030,,3222,SV Entry (Tag On),,1,0.75,0.0,-0.75,-0.75,1.0,Unlmtd,,Success,First Transit,3222,13,10,202003,20cw,2016-04-30 13:15:51,2016-04-30 14:07:35,5.9,55.0,2.6
2016-04-30 14:25:11,ASI,160041556419521,,3222,Pass Entry (Tag On),,1,0.0,0.0,0.0,0.0,0.0,Unlmtd,0.0,Success,First Transit,3222,14,18,202004,20cw,2016-04-30 14:18:51,2016-04-30 15:17:34,0.9,52.0,7.6
2016-04-30 14:30:20,ASI,160033086245708,,3222,Pass Entry (Tag On),,1,0.0,0.0,0.0,0.0,0.0,Unlmtd,0.0,Success,First Transit,3222,14,18,202004,20cw,2016-04-30 14:18:51,2016-04-30 15:17:34,0.9,52.0,7.6
2016-04-30 14:32:04,Reg SV Regular,160008074239194,,3222,SV Entry (Tag On),,1,0.75,0.0,-0.75,-0.75,8.0,Unlmtd,,Success,First Transit,3222,14,18,202004,20cw,2016-04-30 14:18:51,2016-04-30 15:17:34,0.9,52.0,7.6
2016-04-30 14:39:19,ASI,160005585764314,,3222,Pass Entry (Tag On),,1,0.0,0.0,0.0,0.0,0.0,Unlmtd,0.0,Success,First Transit,3222,14,18,202004,20cw,2016-04-30 14:18:51,2016-04-30 15:17:34,0.9,52.0,7.6
2016-04-30 14:57:09,Reg SV Sr/Dis,160014309511662,,3222,SV Entry (Tag On),,1,0.35,0.0,-0.35,-0.35,8.85,Unlmtd,,Success,First Transit,3222,14,18,202004,20cw,2016-04-30 14:18:51,2016-04-30 15:17:34,0.9,52.0,7.6
2016-04-30 15:03:28,Reg SV Regular,160040662924408,,3222,SV Entry (Tag On),,1,0.75,0.0,-0.75,-0.75,15.25,Unlmtd,,Success,First Transit,3222,14,18,202004,20cw,2016-04-30 14:18:51,2016-04-30 15:17:34,0.9,52.0,7.6
2016-04-30 15:23:28,ASI,160033081218502,,3222,Pass Entry (Tag On),,1,0.0,0.0,0.0,0.0,2.0,Unlmtd,0.0,Success,First Transit,3222,15,20,202005,20cw,2016-04-30 15:21:33,2016-04-30 16:14:03,1.6,54.0,0.1
2016-04-30 15:28:06,ASI,160005781944470,,3222,Pass Entry (Tag On),,1,0.0,0.0,0.0,0.0,0.0,Unlmtd,0.0,Success,First Transit,3222,15,20,202005,20cw,2016-04-30 15:21:33,2016-04-30 16:14:03,1.6,54.0,0.1
2016-04-30 18:36:59,PS Try Tran Mon,160042586851444,,3222,Pass Entry (Tag On),,1,0.0,0.0,0.0,0.0,0.0,Unlmtd,0.0,Success,First Transit,3222,18,31,202008,20cw,2016-04-30 18:31:36,2016-04-30 19:18:06,0.6,47.0,0.1
2016-04-30 19:04:11,ASI,160005596559513,,3222,Pass Entry (Tag On),,1,0.0,0.0,0.0,0.0,0.0,Unlmtd,0.0,Success,First Transit,3222,18,31,202008,20cw,2016-04-30 18:31:36,2016-04-30 19:18:06,0.6,47.0,0.1
2016-04-30 19:04:14,Reg SV Regular,160005318002396,,3222,SV Entry (Tag On),,1,0.75,0.0,-0.75,-0.75,1.0,Unlmtd,,Success,First Transit,3222,18,31,202008,20cw,2016-04-30 18:31:36,2016-04-30 19:18:06,0.6,47.0,0.1
2016-04-30 19:24:25,ASI,160005587593752,,3222,Pass Entry (Tag On),,1,0.0,0.0,0.0,0.0,0.0,Unlmtd,0.0,Success,First Transit,3222,19,23,202009,20cw,2016-04-30 19:23:51,2016-04-30 20:07:37,0.9,45.0,-0.4
2016-04-30 19:29:27,ASI,160033080027623,,3222,Pass Entry (Tag On),,1,0.0,0.0,0.0,0.0,0.0,Unlmtd,0.0,Success,First Transit,3222,19,23,202009,20cw,2016-04-30 19:23:51,2016-04-30 20:07:37,0.9,45.0,-0.4
2016-04-30 19:33:59,Reg SV Regular,160008266130078,,3222,SV Entry (Tag On),,1,0.75,0.0,-0.75,-0.75,17.75,Unlmtd,,Success,First Transit,3222,19,23,202009,20cw,2016-04-30 19:23:51,2016-04-30 20:07:37,0.9,45.0,-0.4
2016-04-30 19:36:02,Reg SV Sr/Dis,160010338303303,,3222,SV Entry (Tag On),,1,0.35,0.0,-0.35,-0.35,6.1,Unlmtd,,Success,First Transit,3222,19,23,202009,20cw,2016-04-30 19:23:51,2016-04-30 20:07:37,0.9,45.0,-0.4
2016-04-30 19:40:51,Reg SV Regular,160008237754394,,3222,SV Entry (Tag On),,1,0.75,0.0,-0.75,-0.75,10.9,Unlmtd,,Success,First Transit,3222,19,23,202009,20cw,2016-04-30 19:23:51,2016-04-30 20:07:37,0.9,45.0,-0.4
2016-04-30 19:41:42,ASI,160021186809127,,3222,Pass Entry (Tag On),,1,0.0,0.0,0.0,0.0,0.0,Unlmtd,0.0,Success,First Transit,3222,19,23,202009,20cw,2016-04-30 19:23:51,2016-04-30 20:07:37,0.9,45.0,-0.4
2016-04-30 20:04:27,ASI,160005598350556,,3222,Pass Entry (Tag On),,1,0.0,0.0,0.0,0.0,0.0,Unlmtd,0.0,Success,First Transit,3222,19,23,202009,20cw,2016-04-30 19:23:51,2016-04-30 20:07:37,0.9,45.0,-0.4
2016-04-30 10:59:12,ASI,160005585933919,,3223,Pass Entry (Tag On),,1,0.0,0.0,0.0,0.0,0.0,Unlmtd,0.0,Success,First Transit,3223,10,55,292001,20cc,2016-04-30 10:57:35,2016-04-30 11:57:05,2.6,60.0,2.1
2016-04-30 11:04:27,ASI,160041279133920,,3223,Pass Entry (Tag On),,1,0.0,0.0,0.0,0.0,0.0,Unlmtd,0.0,Success,First Transit,3223,10,55,292001,20cc,2016-04-30 10:57:35,2016-04-30 11:57:05,2.6,60.0,2.1
2016-04-30 11:55:40,ASI,160005780944471,,3223,Pass Entry (Tag On),,1,0.0,0.0,0.0,0.0,0.0,Unlmtd,0.0,Success,First Transit,3223,10,55,292001,20cc,2016-04-30 10:57:35,2016-04-30 11:57:05,2.6,60.0,2.1
2016-04-30 11:58:41,ASI,160008071993751,,3223,Pass Entry (Tag On),,1,0.0,0.0,0.0,0.0,0.0,Unlmtd,0.0,Success,First Transit,3223,11,55,292002,20cc,2016-04-30 11:58:20,2016-04-30 13:04:18,3.3,67.0,2.3
2016-04-30 12:06:30,Reg SV Regular,160008532598231,,3223,SV Entry (Tag On),,1,0.75,0.0,-0.75,-0.75,11.45,Unlmtd,,Success,First Transit,3223,11,55,292002,20cc,2016-04-30 11:58:20,2016-04-30 13:04:18,3.3,67.0,2.3
2016-04-30 12:17:14,ASI,160033065042183,,3223,Pass Entry (Tag On),,1,0.0,0.0,0.0,0.0,0.0,Unlmtd,0.0,Success,First Transit,3223,11,55,292002,20cc,2016-04-30 11:58:20,2016-04-30 13:04:18,3.3,67.0,2.3
2016-04-30 12:23:06,ASI,160019590456519,,3223,Pass Entry (Tag On),,1,0.0,0.0,0.0,0.0,0.0,Unlmtd,0.0,Success,First Transit,3223,11,55,292002,20cc,2016-04-30 11:58:20,2016-04-30 13:04:18,3.3,67.0,2.3
2016-04-30 12:35:12,Reg SV Regular,160008670572634,,3223,SV Entry (Tag On),,1,0.75,0.0,-0.75,-0.75,19.25,Unlmtd,,Success,First Transit,3223,11,55,292002,20cc,2016-04-30 11:58:20,2016-04-30 13:04:18,3.3,67.0,2.3
2016-04-30 12:38:02,ASI,160005596125919,,3223,Pass Entry (Tag On),,1,0.0,0.0,0.0,0.0,0.0,Unlmtd,0.0,Success,First Transit,3223,11,55,292002,20cc,2016-04-30 11:58:20,2016-04-30 13:04:18,3.3,67.0,2.3
2016-04-30 12:42:12,ASI,160036514916436,,3223,Pass Entry (Tag On),,1,0.0,0.0,0.0,0.0,1.75,Unlmtd,0.0,Success,First Transit,3223,11,55,292002,20cc,2016-04-30 11:58:20,2016-04-30 13:04:18,3.3,67.0,2.3
2016-04-30 12:49:07,EZ Annual Z5,160036860536143,,3223,Pass Entry (Tag On),,1,0.0,0.0,0.0,0.0,0.0,Unlmtd,0.0,Success,First Transit,3223,11,55,292002,20cc,2016-04-30 11:58:20,2016-04-30 13:04:18,3.3,67.0,2.3
2016-04-30 15:16:21,ASI,160005565737751,,3223,Pass Entry (Tag On),,1,0.0,0.0,0.0,0.0,0.0,Unlmtd,0.0,Success,First Transit,3223,15,10,292005,20cc,2016-04-30 15:11:21,2016-04-30 16:18:45,1.4,65.0,3.8
2016-04-30 15:22:34,Reg SV Regular,160008435663199,,3223,SV Entry (Tag On),,1,0.75,0.0,-0.75,-0.75,2.25,Unlmtd,,Success,First Transit,3223,15,10,292005,20cc,2016-04-30 15:11:21,2016-04-30 16:18:45,1.4,65.0,3.8
2016-04-30 16:17:21,ASI,160028111399793,,3223,Pass Entry (Tag On),,1,0.0,0.0,0.0,0.0,0.0,Unlmtd,0.0,Success,First Transit,3223,15,10,292005,20cc,2016-04-30 15:11:21,2016-04-30 16:18:45,1.4,65.0,3.8
2016-04-30 19:29:44,ASI,160005715899675,,3223,Pass Entry (Tag On),,1,0.0,0.0,0.0,0.0,0.0,Unlmtd,0.0,Success,First Transit,3223,19,18,292009,20cc,2016-04-30 19:23:00,2016-04-30 20:07:30,5.0,48.0,1.5
2016-04-30 19:45:35,Reg SV Regular,160008482305439,,3223,SV Entry (Tag On),,1,0.75,0.0,-0.75,-0.75,6.25,Unlmtd,,Success,First Transit,3223,19,18,292009,20cc,2016-04-30 19:23:00,2016-04-30 20:07:30,5.0,48.0,1.5
2016-04-30 19:45:39,Reg SV Regular,160008482304473,,3223,SV Entry (Tag On),,1,0.75,0.0,-0.75,-0.75,5.5,Unlmtd,,Success,First Transit,3223,19,18,292009,20cc,2016-04-30 19:23:00,2016-04-30 20:07:30,5.0,48.0,1.5
2016-04-30 19:45:41,Reg SV Regular,160008482305439,,3223,No Prod Use Type,,1,0.0,0.0,0.0,0.0,6.25,Unlmtd,,Passback,First Transit,3223,19,18,292009,20cc,2016-04-30 19:23:00,2016-04-30 20:07:30,5.0,48.0,1.5
2016-04-30 19:45:46,Reg SV Regular,160008482305439,,3223,No Prod Use Type,,1,0.0,0.0,0.0,0.0,6.25,Unlmtd,,Passback,First Transit,3223,19,18,292009,20cc,2016-04-30 19:23:00,2016-04-30 20:07:30,5.0,48.0,1.5
2016-04-30 19:47:47,Reg SV Regular,160008505517598,,3223,SV Entry (Tag On),,1,0.75,0.0,-0.75,-0.75,3.05,Unlmtd,,Success,First Transit,3223,19,18,292009,20cc,2016-04-30 19:23:00,2016-04-30 20:07:30,5.0,48.0,1.5
2016-04-30 19:59:23,ASI,160008034196526,,3223,Pass Entry (Tag On),,1,0.0,0.0,0.0,0.0,0.0,Unlmtd,0.0,Success,First Transit,3223,19,18,292009,20cc,2016-04-30 19:23:00,2016-04-30 20:07:30,5.0,48.0,1.5
