Company,Vehicle,Hour,Minute,Trip No,Route,Departure,Arrival,Avg Departure Diff,Avg Scheduled Travel,Avg Arrival Diff
First Transit,2210,7,12,304001,31,2.3003472222222223,2.322048611111111,0.5,29.0,2.7666659355163574
,,15,26,204001,20cw,2.6433449074074074,2.6636689814814813,0.43333300948143005,32.0,-2.3166658878326416
,3058,6,39,502001,51,2.2778819444444443,2.289513888888889,1.166666030883789,16.0,1.916666030883789
,,7,5,502002,51,2.295590277777778,2.3105324074074076,0.6666659712791443,24.0,-1.8333330154418945
,,,29,502003,51,2.3124305555555553,2.3304976851851853,0.9166659712791443,27.0,-0.08333300054073334
,,16,0,502101,51,,2.6851273148148147,,27.0,-0.4166660010814667
,,,33,502102,51,2.690150462962963,2.710636574074074,0.8333330154418945,28.0,2.3333330154418945
,,17,8,502103,51,2.7142824074074072,2.7345949074074074,0.5833330154418945,27.0,2.8333330154418945
,,,48,502104,51,2.7420601851851854,2.7595949074074073,0.5833330154418945,25.0,0.8333330154418945
,,18,19,502105,51,2.7646296296296295,2.7813078703703704,2.0833330154418945,27.0,-0.9166659712791443
,,,53,502106,51,2.7873726851851854,2.8031828703703705,0.8333330154418945,24.0,-0.4166660010814667
,,19,20,502107,51,2.8068171296296294,2.815497685185185,1.8333330154418945,11.0,3.3333330154418945
,3206,12,46,501101,51,2.532534722222222,2.5525,0.8666660189628601,24.0,5.616665840148926
,,13,13,501102,51,2.552673611111111,2.569513888888889,2.866666078567505,26.0,1.1166659593582153
,,,46,501103,51,2.574201388888889,2.592604166666667,0.8666660189628601,24.0,3.366666078567505
,,14,12,501104,51,2.593472222222222,2.6129166666666666,2.616666078567505,26.0,4.616665840148926
,,,45,501105,51,2.6158680555555556,2.634097222222222,1.8666659593582153,25.0,3.116666078567505
,,15,12,501106,51,2.634965277777778,2.655451388888889,2.366666078567505,27.0,4.866665840148926
,,16,3,501107,51,2.669814814814815,2.689085648148148,1.5499999523162842,28.0,1.2999999523162842
,,,34,501108,52,2.690659722222222,2.716342592592593,0.550000011920929,35.0,2.549999952316284
,,17,16,501109,51,,2.7398148148148147,,26.0,3.3499999046325684
,,,45,501110,51,2.74,2.757534722222222,0.6000000238418579,27.0,-1.149999976158142
,,18,25,501111,51,2.767951388888889,2.7860069444444444,0.8500000238418579,25.0,1.850000023841858
,,,53,501112,52,2.787037037037037,2.811875,0.3499999940395355,35.0,1.100000023841858
,,19,34,501113,51,,2.8356712962962964,,24.0,5.383333206176758
,3208,6,7,501001,51,2.2552083333333335,2.2756944444444445,0.5166659951210022,23.0,7.016665935516357
,,,38,501002,51,2.2769097222222223,2.2916666666666665,0.7666659951210022,21.0,1.016666054725647
,,,59,501003,52,2.292013888888889,,1.516666054725647,36.0,
,,7,44,501004,51,,2.3410069444444446,,24.0,3.0666658878326416
,,8,11,501005,51,2.341875,2.3630555555555555,1.3166660070419312,25.0,6.816666126251221
,,,49,501006,51,,2.3844097222222222,,24.0,0.5666660070419312
,,9,13,501007,51,2.3847569444444443,2.4017708333333334,1.0666660070419312,25.0,0.5666660070419312
,,,45,501008,51,2.4066319444444444,2.4257291666666667,0.5666660070419312,24.0,4.066666126251221
,,10,11,501009,51,2.4260763888888888,2.440324074074074,2.5666658878326416,26.0,-2.933332920074463
,,,44,501010,51,,2.4666319444444444,,26.0,1.9500000476837158
,,11,10,501011,51,2.4669791666666665,2.4824305555555557,2.450000047683716,26.0,-1.2999999523162842
,,,49,501012,51,,,,24.0,
,,12,13,501013,51,2.510474537037037,2.527314814814815,2.0999999046325684,26.0,0.3499999940395355
,3209,5,58,601001,60,2.2490972222222223,2.2622916666666666,0.7166659832000732,18.0,1.7166659832000732
,,6,20,601002,60,2.264201388888889,2.2767013888888887,0.46666601300239563,16.0,2.4666659832000732
,,,41,601003,60,2.2787847222222224,2.2918171296296297,0.46666601300239563,20.0,-0.7833330035209656
,,7,3,601004,60,2.2940625,2.306388888888889,0.46666601300239563,17.0,1.2166659832000732
,,,33,601005,60,,2.3313194444444445,,21.0,3.116666078567505
,,,58,601006,60,2.332708333333333,2.3467708333333333,1.1166659593582153,18.0,3.366666078567505
,,8,23,601007,60,2.349548611111111,2.3658680555555556,0.3666659891605377,21.0,2.866666078567505
,,,47,601008,60,2.366388888888889,2.379236111111111,0.6166660189628601,17.0,2.116666078567505
,,9,12,601009,60,2.38375,2.3985069444444447,0.6166660189628601,20.0,1.8666659593582153
,,,36,601010,60,2.4002430555555554,2.4144791666666667,0.3666659891605377,17.0,3.866666078567505
,,,58,601011,60,2.4156944444444446,2.429236111111111,0.6166660189628601,20.0,0.11666599661111832
,,10,19,601012,60,2.4301041666666667,2.4422569444444444,0.3666659891605377,17.0,0.8666660189628601
,,14,45,602001,60,2.6155439814814816,2.6329166666666666,1.399999976158142,23.0,3.4000000953674316
,,15,8,602002,60,2.633090277777778,2.6464583333333334,3.6500000953674316,17.0,5.900000095367432
,,,31,602003,60,2.646967592592593,2.6631134259259257,0.6499999761581421,23.0,0.8999999761581421
,,,56,602004,60,2.665729166666667,2.680138888888889,2.6500000953674316,19.0,4.400000095367432
,,16,18,602005,60,2.6804745370370373,2.6950578703703703,1.899999976158142,23.0,-0.10000000149011612
,,,45,602006,60,2.6985300925925926,2.711898148148148,0.8999999761581421,19.0,1.149999976158142
,,17,17,602007,60,2.7212962962962965,2.7385532407407407,1.6833330392837524,24.0,2.5333330631256104
,,,45,602008,60,2.740289351851852,2.754351851851852,1.0333329439163208,18.0,3.2833330631256104
,,18,6,602009,60,2.7548726851851852,2.770150462962963,1.0333329439163208,22.0,1.0333329439163208
,,,30,602010,60,2.77119212962963,,0.5333330035209656,17.0,
,,,47,602011,60,2.7861226851851852,2.798449074074074,5.033332824707031,22.0,0.7833330035209656
,,19,13,602012,60,2.7986458333333335,2.813553240740741,-2.9666659832000732,17.0,1.5333329439163208
,3216,5,41,293001,20cc,2.2377083333333334,2.2755555555555556,1.3166660070419312,55.0,0.8166660070419312
,,6,36,293002,20cc,2.2759027777777776,2.314791666666667,1.3166660070419312,56.0,1.3166660070419312
,,7,32,293003,20cc,2.315150462962963,2.3627083333333334,1.8333330154418945,67.0,3.3166658878326416
,,8,39,293004,20cc,2.362881944444444,2.40837962962963,3.5666658878326416,69.0,0.08333300054073334
,,9,48,293005,20cc,2.408726851851852,2.4566435185185185,0.5833330154418945,70.0,-0.43333300948143005
,,10,58,293006,20cc,2.457152777777778,2.5066435185185183,0.31666600704193115,73.0,-1.4333330392837524
,,12,11,293007,20cc,2.5078472222222223,2.557511574074074,0.31666600704193115,73.0,-1.1833330392837524
,,13,24,293008,20cc,2.5585416666666667,2.609421296296296,0.31666600704193115,75.0,-1.4333330392837524
,,14,39,293009,20cc,2.6109837962962965,2.6630555555555553,0.8333330154418945,72.0,3.8166658878326416
,,15,51,293010,20cc,2.6640972222222223,2.7114930555555556,5.316666126251221,70.0,3.5666658878326416
,,17,1,293011,20cc,2.712013888888889,,4.316666126251221,68.0,
,,18,9,293012,20cc,2.7607986111111114,2.7958680555555553,6.566666126251221,56.0,1.0666660070419312
,,19,5,293013,20cc,2.7960416666666665,2.8271180555555553,1.3166660070419312,46.0,0.06666599959135056
,3218,6,48,403001,40,,2.3054282407407407,,28.0,3.8333330154418945
,,7,26,403002,40,2.311678240740741,2.329039351851852,2.8333330154418945,23.0,4.8333330154418945
,,,52,403003,40,2.3295601851851853,2.3484837962962963,2.5833330154418945,28.0,1.8333330154418945
,,8,30,403004,40,2.3547337962962964,2.371574074074074,0.8333330154418945,23.0,2.0833330154418945
,,15,10,403101,40,2.632511574074074,2.6533449074074076,0.8333330154418945,27.0,3.8333330154418945
,,,40,403102,40,2.654386574074074,2.673136574074074,2.3333330154418945,28.0,1.3333330154418945
,,16,21,403103,40,2.682164351851852,2.700740740740741,1.3333330154418945,27.0,1.0833330154418945
,,,51,403104,40,2.702476851851852,2.7224421296296297,0.5833330154418945,29.0,0.33333298563957214
,,17,30,403105,40,2.7302546296296297,2.7488310185185183,1.5833330154418945,28.0,0.33333298563957214
,3219,5,54,202001,20cw,2.24625,2.274201388888889,0.6000000238418579,40.0,0.8500000238418579
,,6,45,202002,20cw,2.2816666666666667,2.3143055555555554,0.6000000238418579,47.0,0.6000000238418579
,,7,42,202003,20cw,2.321064814814815,2.3596180555555555,0.3499999940395355,54.0,1.850000023841858
,,8,51,202004,20cw,2.369340277777778,2.4082175925925924,0.8500000238418579,54.0,2.8499999046325684
,,9,55,202005,20cw,2.413425925925926,2.451111111111111,0.3499999940395355,54.0,0.6000000238418579
,,10,59,202006,20cw,2.4584027777777777,2.4978125,1.100000023841858,57.0,0.8500000238418579
,,12,6,202007,20cw,2.5047569444444444,2.5490162037037036,0.8500000238418579,59.0,5.599999904632568
,,13,15,202008,20cw,2.5528472222222223,2.593460648148148,1.100000023841858,60.0,-0.4000000059604645
,,14,25,202009,20cw,2.601284722222222,2.646412037037037,0.8500000238418579,62.0,3.8499999046325684
,,15,37,202010,20cw,2.6519791666666666,2.694849537037037,1.850000023841858,60.0,3.5999999046325684
,,16,47,202011,20cw,2.7005902777777777,2.749201388888889,1.850000023841858,61.0,10.850000381469727
,,17,58,202012,20cw,2.7502314814814817,2.7922569444444445,2.3499999046325684,53.0,9.850000381469727
,,19,1,202013,20cw,2.792777777777778,2.832361111111111,0.6000000238418579,47.0,10.600000381469727
,3220,6,23,402001,40,2.2663657407407407,2.2833912037037036,0.5833330154418945,26.0,-0.9166659712791443
,,,59,402002,40,2.291539351851852,2.3083796296296297,0.8333330154418945,23.0,2.0833330154418945
,,7,27,402003,40,2.310810185185185,2.331990740740741,0.5833330154418945,29.0,2.0833330154418945
,,8,14,402004,40,2.3436226851851854,2.3608101851851853,0.8333330154418945,23.0,2.5833330154418945
,,,40,402005,40,2.36150462962963,2.380960648148148,0.5833330154418945,29.0,-0.4166660010814667
,,9,19,402006,40,2.388587962962963,2.406296296296296,0.5833330154418945,23.0,3.0833330154418945
,,,45,402007,40,2.4069907407407407,2.427824074074074,1.0833330154418945,29.0,2.0833330154418945
,,10,24,402008,40,2.4345949074074076,2.452476851851852,1.8333330154418945,24.0,3.5833330154418945
,,,51,402009,40,2.4535185185185187,2.4705439814814816,2.0833330154418945,28.0,-1.416666030883789
,,11,29,402010,40,2.479212962962963,2.496747685185185,1.0833330154418945,25.0,1.3333330154418945
,,,57,402011,40,2.4984837962962962,2.5205324074074076,0.8333330154418945,28.0,4.5833330154418945
,,12,38,402012,40,2.527303240740741,2.5451851851851854,1.3333330154418945,25.0,2.0833330154418945
,,13,5,402013,40,2.5457060185185183,2.5681018518518517,0.8333330154418945,29.0,4.0833330154418945
,,,44,402014,40,2.5736574074074072,2.591886574074074,2.0833330154418945,25.0,3.3333330154418945
,,14,11,402015,40,2.5925810185185183,2.612372685185185,2.3333330154418945,28.0,2.8333330154418945
,,,49,402016,40,2.6267824074074073,2.6437962962962964,13.583333015441895,27.0,11.083333015441895
,,15,19,402017,40,2.6441435185185185,2.6609837962962963,8.583333015441895,29.0,3.8333330154418945
,,,58,402018,40,2.6646527777777775,2.6845949074074076,-0.9166659712791443,27.0,0.8333330154418945
,,16,28,402019,40,2.6865046296296295,2.706134259259259,0.5833330154418945,29.0,-0.16666600108146667
,,17,7,402020,40,2.713761574074074,2.733726851851852,0.8333330154418945,28.0,1.5833330154418945
,,,38,402021,40,2.7351157407407407,2.753703703703704,0.5833330154418945,29.0,-1.666666030883789
,,18,17,402022,40,2.7628935185185184,2.7795717592592593,1.5833330154418945,26.0,-0.4166660010814667
,,,43,402023,40,2.78181712962963,2.800740740740741,2.8333330154418945,26.0,4.0833330154418945
,,19,17,402024,40,2.8045601851851854,2.8191550925925926,1.5833330154418945,23.0,-0.4166660010814667
,3221,5,59,103001,10,2.2498958333333334,2.2597916666666666,0.8500000238418579,15.0,0.10000000149011612
,,6,14,103002,10,2.2601388888888887,2.2733333333333334,0.6000000238418579,19.0,0.6000000238418579
,,,40,103003,10,2.2781944444444444,,0.6000000238418579,15.0,
,,,55,103004,10,2.2893055555555555,2.3031944444444443,1.600000023841858,21.0,0.6000000238418579
,,7,29,103005,10,2.3129166666666667,2.328009259259259,1.600000023841858,18.0,5.349999904632568
,,,51,103006,10,2.3281944444444447,2.3439814814814817,1.600000023841858,21.0,3.3499999046325684
,,8,19,103007,10,2.3467592592592594,2.3594444444444447,0.3499999940395355,17.0,1.600000023841858
,,,36,103008,10,2.360127314814815,2.3762731481481483,2.5999999046325684,21.0,4.849999904632568
,,9,4,103009,10,2.3781944444444445,,0.6000000238418579,18.0,
,,,22,103010,10,2.3918981481481483,2.4073611111111113,2.3499999046325684,23.0,1.600000023841858
,,,52,103011,10,2.411875,,1.100000023841858,19.0,
,,10,11,103012,10,2.425925925925926,2.4415625,2.3499999046325684,23.0,1.850000023841858
,,,41,103013,10,2.4453703703703704,2.459953703703704,0.3499999940395355,21.0,0.3499999940395355
,,11,2,103014,10,2.460138888888889,2.476273148148148,0.6000000238418579,24.0,-0.15000000596046448
,,,39,103015,10,2.4860069444444446,2.4998958333333334,0.8500000238418579,20.0,0.8500000238418579
,,12,1,103016,10,2.5011111111111113,2.518125,0.6000000238418579,24.0,1.100000023841858
,,,32,103017,10,2.522638888888889,2.536875,0.6000000238418579,21.0,0.10000000149011612
,,,55,103018,10,2.538611111111111,2.558738425925926,0.6000000238418579,24.0,5.599999904632568
,,13,26,103019,10,2.561863425925926,,3.0999999046325684,20.0,
,,,48,103020,10,2.5797453703703703,2.5957175925925924,6.849999904632568,24.0,5.849999904632568
,,14,25,103021,10,2.6031828703703703,,3.5999999046325684,20.0,
,,,47,103022,10,2.6175925925925925,2.63375,2.3499999046325684,24.0,1.600000023841858
,,15,18,103023,10,2.6377314814814814,2.6528472222222224,0.3499999940395355,21.0,1.100000023841858
,,,41,103024,10,2.6537037037037035,2.669861111111111,0.3499999940395355,23.0,0.6000000238418579
,,16,11,103025,10,2.6754166666666666,2.691724537037037,1.600000023841858,20.0,5.099999904632568
,,,36,103026,10,2.691898148148148,2.710821759259259,0.3499999940395355,23.0,4.599999904632568
,,17,6,103027,10,2.7129166666666666,2.7280092592592595,0.6000000238418579,20.0,2.3499999046325684
,,,28,103028,10,2.7285416666666666,2.7467708333333336,1.100000023841858,26.0,1.350000023841858
,,18,1,103029,10,2.7514583333333333,,1.100000023841858,20.0,
,,,23,103030,10,2.769675925925926,2.785127314814815,5.349999904632568,22.0,5.599999904632568
,,,52,103031,10,2.786701388888889,2.800752314814815,0.8500000238418579,19.0,2.0999999046325684
,,19,18,103032,10,2.8047569444444447,2.8205555555555555,0.8500000238418579,22.0,1.600000023841858
,,,47,103033,10,2.8248958333333336,2.835486111111111,0.8500000238418579,15.0,1.100000023841858
,3222,5,50,101001,10,2.2432291666666666,2.256076388888889,0.2666659951210022,18.0,0.7666659951210022
,,6,15,101002,10,2.260763888888889,2.2723958333333334,0.5166659951210022,15.0,2.2666659355163574
,,,30,101003,10,2.2725694444444446,2.2840277777777778,2.5166659355163574,19.0,0.016666000708937645
,,7,2,101004,10,2.2934027777777777,2.3065972222222224,0.5166659951210022,18.0,1.516666054725647
,,,20,101005,10,2.306770833333333,2.3204861111111112,1.766666054725647,21.0,0.5166659951210022
,,,48,101006,10,2.3258680555555555,2.341666666666667,1.266666054725647,18.0,6.016665935516357
,,8,6,101007,10,2.3418402777777776,2.356423611111111,6.266665935516357,21.0,6.266665935516357
,,,34,101008,10,2.3583333333333334,2.3743055555555554,2.0166659355163574,17.0,8.016666412353516
,,,51,101009,10,2.3744791666666667,2.3887152777777776,8.266666412353516,22.0,6.766665935516357
,,9,20,101010,10,2.3911458333333333,2.4060763888888888,3.2666659355163574,18.0,6.766665935516357
,,,38,101011,10,2.40625,2.4227430555555554,7.016665935516357,22.0,8.766666412353516
,,10,7,101012,10,2.4243055555555557,,4.016665935516357,20.0,
,,,27,101013,10,2.4368055555555554,2.451909722222222,2.0166659355163574,23.0,0.7666659951210022
,,11,3,101014,10,2.4611111111111112,2.4739699074074073,1.016666054725647,20.0,-0.4833329916000366
,,,23,101015,10,2.4755208333333334,2.4916666666666667,1.766666054725647,24.0,1.016666054725647
,,,54,101016,10,2.4973958333333335,2.5099074074074075,2.2666659355163574,21.0,-0.7333329916000366
,,12,18,101017,10,2.5133680555555555,2.53125,1.25,24.0,3.0
,,,49,101018,10,2.5348958333333336,2.5508680555555556,1.25,21.0,3.25
,,13,12,101019,10,2.5510416666666664,2.5711805555555554,1.516666054725647,24.0,6.5
,3223,6,43,102001,10,2.280625,2.2939814814814814,1.100000023841858,20.0,0.3499999940395355
,,7,16,102002,10,2.3031944444444443,2.3158680555555557,0.6000000238418579,18.0,0.8500000238418579
,,,36,102003,10,2.316898148148148,2.3328703703703706,0.3499999940395355,21.0,2.3499999046325684
,,8,4,102004,10,2.3370486111111113,2.3502314814814813,1.350000023841858,17.0,3.3499999046325684
,,,21,102005,10,2.350578703703704,2.368472222222222,3.8499999046325684,21.0,8.600000381469727
,,,49,102006,10,2.371064814814815,2.3863541666666666,5.349999904632568,17.0,10.350000381469727
,,9,6,102007,10,2.386527777777778,2.3988425925925925,10.600000381469727,23.0,5.349999904632568
,,,36,102008,10,2.400763888888889,2.4134375,1.100000023841858,18.0,1.350000023841858
,,,54,102009,10,2.413611111111111,2.4318287037037036,1.600000023841858,23.0,4.849999904632568
,,10,24,102010,10,2.434270833333333,,1.350000023841858,20.0,
,,,44,102011,10,2.450925925925926,2.4660300925925926,5.349999904632568,24.0,3.0999999046325684
,,11,21,102012,10,2.4735069444444444,2.486875,0.8500000238418579,20.0,0.10000000149011612
,,,41,102013,10,2.487037037037037,2.502152777777778,0.3499999940395355,24.0,-1.899999976158142
,,12,12,102014,10,2.50875,,0.6000000238418579,21.0,
,,,35,102015,10,2.5267939814814815,2.5445023148148147,3.5999999046325684,24.0,5.099999904632568
,,13,6,102016,10,2.54625,2.5610069444444443,0.6000000238418579,20.0,1.850000023841858
,,,28,102017,10,2.5615277777777776,2.576273148148148,0.6000000238418579,24.0,-2.1500000953674316
,,14,5,102018,10,2.587222222222222,,0.6000000238418579,20.0,
,,,27,102019,10,2.6019791666666667,2.619861111111111,-0.15000000596046448,24.0,1.600000023841858
,,,59,102020,10,2.624537037037037,2.640509259259259,0.3499999940395355,21.0,2.3499999046325684
,,15,21,102021,10,2.6406944444444447,2.660127314814815,1.600000023841858,23.0,6.599999904632568
,,,51,102022,10,2.6610069444444444,2.676111111111111,0.8500000238418579,21.0,1.600000023841858
,,16,16,102023,10,2.6780092592592593,2.6953703703703704,0.3499999940395355,23.0,2.3499999046325684
,,,46,102024,10,2.699201388888889,,0.8500000238418579,20.0,
,,17,8,102025,10,2.7141203703703702,2.734259259259259,0.3499999940395355,26.0,3.3499999046325684
,,,41,102026,10,2.7373958333333333,2.7521296296296294,0.8500000238418579,20.0,2.0833330154418945
,,18,3,102027,10,2.752314814814815,2.7689699074074072,0.3499999940395355,22.0,2.3333330154418945
,,,32,102028,10,2.772453703703704,2.7863425925925926,0.3499999940395355,20.0,0.3499999940395355
,,,59,102029,10,2.7915277777777776,2.805949074074074,0.8166660070419312,22.0,-0.43333300948143005
,,19,28,102030,10,2.8113194444444445,2.823125,0.31666600704193115,15.0,2.3166658878326416
,3224,6,15,203001,20cw,2.2607986111111114,2.2929166666666667,0.5666660070419312,41.0,5.816666126251221
,,7,6,203002,20cw,2.296215277777778,2.331631944444444,0.5666660070419312,50.0,1.5666660070419312
,,8,7,203003,20cw,2.339097222222222,2.3800694444444446,1.3166660070419312,54.0,6.316666126251221
,,9,12,203004,20cw,2.385104166666667,2.4227777777777777,2.5666658878326416,54.0,2.8166658878326416
,,10,16,203005,20cw,2.4281597222222224,2.4667013888888887,0.5666660070419312,55.0,1.0666660070419312
,,11,21,203006,20cw,2.4732986111111113,2.5135763888888887,0.5666660070419312,56.0,2.5666658878326416
,,12,27,203007,20cw,2.519131944444444,2.5614930555555553,0.5666660070419312,60.0,1.5666660070419312
,,13,37,203008,20cw,2.5684375,2.6142708333333333,1.5666660070419312,60.0,7.566666126251221
,,14,47,203009,20cw,2.6175694444444444,2.663923611111111,2.3166658878326416,61.0,8.066665649414062
,,16,0,203010,20cw,2.667569444444444,2.714965277777778,1.3166660070419312,60.0,9.566665649414062
,,17,10,203011,20cw,2.7158333333333333,2.757326388888889,0.8166660070419312,59.0,1.5666660070419312
,,18,19,203012,20cw,2.7642708333333332,2.799513888888889,1.5666660070419312,49.0,3.3166658878326416
,,19,14,203013,20cw,2.8019444444444446,2.8332060185185184,0.8166660070419312,47.0,-1.1833330392837524
,3225,7,23,303001,32,2.3080208333333334,2.3345833333333332,0.550000011920929,26.0,12.800000190734863
,,,59,303002,32,2.336145833333333,2.356284722222222,5.050000190734863,29.0,5.050000190734863
,,8,28,303003,31,2.357152777777778,2.3755439814814814,6.300000190734863,29.0,3.799999952316284
,,9,8,303004,31,2.381273148148148,2.401412037037037,1.0499999523162842,29.0,1.0499999523162842
,,,37,303005,32,2.4021064814814816,2.418784722222222,2.049999952316284,26.0,0.05000000074505806
,,10,15,303006,32,2.427974537037037,2.4484606481481483,1.2999999523162842,27.0,3.799999952316284
,,,42,303007,32,2.4489930555555555,2.4673958333333332,4.550000190734863,25.0,6.050000190734863
,,11,20,303008,31,2.472777777777778,2.4967361111111113,0.800000011920929,35.0,0.30000001192092896
,,,55,303009,32,2.4970833333333333,2.51599537037037,0.800000011920929,25.0,3.049999952316284
,,12,30,303010,31,2.5215509259259257,2.5449884259259257,1.0499999523162842,36.0,-1.2000000476837158
,,13,6,303011,32,2.5460416666666665,2.565300925925926,0.30000001192092896,26.0,2.049999952316284
,,,45,303012,32,2.573472222222222,2.5974305555555555,0.800000011920929,36.0,-0.699999988079071
,,14,21,303013,31,2.598125,2.618078703703704,0.30000001192092896,27.0,2.049999952316284
,,15,6,303014,32,2.6295486111111113,2.6566319444444444,0.550000011920929,39.0,0.550000011920929
,,,45,303015,31,2.657141203703704,2.6800694444444444,1.2999999523162842,29.0,5.300000190734863
,,16,24,303016,31,2.6838888888888888,2.710451388888889,0.800000011920929,39.0,0.05000000074505806
,,17,3,303017,32,2.7109722222222223,2.7330208333333332,0.800000011920929,27.0,5.550000190734863
,,,40,303018,31,2.736666666666667,2.7621875,0.800000011920929,37.0,0.550000011920929
,,18,17,303019,31,2.7623611111111113,2.7833680555555556,0.800000011920929,26.0,5.050000190734863
,,19,3,303020,31,2.7939583333333333,2.8165162037037037,0.30000001192092896,30.0,2.799999952316284
,3292,13,49,101020,10,2.5765625,,1.25,20.0,
,,14,9,101021,10,2.5963541666666665,2.615277777777778,9.75,24.0,13.0
,,,40,101022,10,2.615451388888889,2.6303819444444443,6.25,20.0,7.75
,,15,4,101023,10,2.6305555555555555,2.6447916666666664,4.0,23.0,1.5
,,,34,101024,10,2.649826388888889,2.6649305555555554,1.75,21.0,2.5
,,,58,101025,10,,2.6824652777777778,0.0,23.0,1.75
,,16,28,101026,10,2.6868055555555554,2.6991319444444444,1.0,20.0,-1.25
,,,51,101027,10,2.703125,2.7196180555555554,1.5,26.0,-0.75
,,17,24,101028,10,2.725347222222222,2.740104166666667,0.5,20.0,1.75
,,,46,101029,10,2.740972222222222,2.7586805555555554,1.0,24.0,2.5
,,18,17,101030,10,2.762673611111111,2.7786458333333335,1.25,20.0,4.25
,,,40,101031,10,2.7788194444444443,2.7934027777777777,1.5,22.0,0.5
,,19,9,101032,10,2.798090277777778,,0.25,18.0,
,3293,6,3,291001,20cc,2.252314814814815,2.2894675925925925,0.3499999940395355,56.0,-2.1500000953674316
,,,59,291002,20cc,2.2912037037037036,2.3330439814814814,0.3499999940395355,61.0,-0.4000000059604645
,,8,0,291003,20cc,2.3335648148148147,2.3795717592592593,0.3499999940395355,67.0,-0.4000000059604645
,,9,7,291004,20cc,2.380428240740741,2.427303240740741,0.8333330154418945,67.0,1.3333330154418945
,,10,14,291005,20cc,2.4283564814814813,2.4743518518518517,2.8499999046325684,69.0,0.08333300054073334
,,11,23,291006,20cc,2.4748726851851854,2.524699074074074,0.8333330154418945,72.0,0.5833330154418945
,,12,35,291007,20cc,2.5255671296296294,2.574699074074074,1.8333330154418945,72.0,0.5833330154418945
,,13,47,291008,20cc,2.5752199074074076,2.6254050925925925,1.3333330154418945,74.0,-0.4166660010814667
,,15,1,291009,20cc,2.6260879629629628,2.675914351851852,0.5833330154418945,72.0,0.33333298563957214
,,16,13,291010,20cc,2.676261574074074,2.7286921296296294,0.8333330154418945,70.0,6.3333330154418945
,,17,23,291011,20cc,2.729039351851852,2.773483796296296,6.8333330154418945,67.0,3.8333330154418945
,,18,30,291012,20cc,2.7741782407407407,2.810462962962963,4.8333330154418945,56.0,1.0833330154418945
,,19,26,291013,20cc,2.8109837962962962,2.8490046296296296,1.8333330154418945,46.0,10.583333015441895
,3294,6,0,401001,40,2.250810185185185,2.2688657407407407,1.1833330392837524,26.0,1.1833330392837524
,,,36,401002,40,2.275462962962963,2.2936921296296298,0.6833329796791077,23.0,3.933332920074463
,,7,2,401003,40,2.294039351851852,2.313483796296296,1.4333330392837524,29.0,0.43333300948143005
,,,41,401004,40,2.320949074074074,2.335891203703704,1.1833330392837524,23.0,-0.31666600704193115
,,8,7,401005,40,2.3388310185185186,2.3589699074074075,0.9333329796791077,29.0,0.9333329796791077
,,,46,401006,40,2.3659143518518517,2.3822337962962963,0.9333329796791077,23.0,1.4333330392837524
,,9,12,401007,40,2.383796296296296,2.4041087962962964,0.6833329796791077,29.0,0.9333329796791077
,,,51,401008,40,2.411226851851852,2.428935185185185,1.1833330392837524,24.0,2.683332920074463
,,10,18,401009,40,2.429976851851852,2.4511574074074076,1.1833330392837524,28.0,3.683332920074463
,,,56,401010,40,2.4561921296296294,2.473900462962963,0.9333329796791077,25.0,1.4333330392837524
,,11,24,401011,40,2.475462962962963,2.497337962962963,0.6833329796791077,28.0,4.183332920074463
,,12,5,401012,40,2.5041087962962965,2.524074074074074,0.9333329796791077,25.0,4.683332920074463
,,,32,401013,40,2.5247685185185187,2.544560185185185,3.683332920074463,29.0,3.183332920074463
,,13,11,401014,40,2.5499421296296294,2.5685185185185184,0.9333329796791077,25.0,2.683332920074463
,,,39,401015,40,2.569212962962963,2.5919560185185184,0.6833329796791077,28.0,5.433332920074463
,,14,17,401016,40,2.5966435185185186,2.6153935185185184,2.183332920074463,25.0,4.183332920074463
,,,48,401017,40,2.6169560185185183,2.6396990740740742,0.43333300948143005,29.0,4.183332920074463
,,15,27,401018,40,2.6450810185185185,2.6640046296296296,1.9333330392837524,27.0,2.183332920074463
,,16,0,401019,40,2.6669560185185186,2.6869212962962963,0.43333300948143005,29.0,0.18333299458026886
,,,45,401020,40,2.6985532407407407,2.719212962962963,0.9333329796791077,27.0,3.683332920074463
,,17,15,401021,40,2.7199074074074074,2.739872685185185,1.6833330392837524,29.0,1.4333330392837524
,,,54,401022,40,2.7464699074074073,2.7650462962962963,0.9333329796791077,26.0,1.6833330392837524
,,18,20,401023,40,2.7655671296296296,2.7839699074074074,2.433332920074463,27.0,1.9333330392837524
,,,55,401024,40,2.7888310185185183,2.803773148148148,0.9333329796791077,23.0,-0.5666660070419312
,,19,18,401025,40,2.8042824074074075,2.8235532407407407,0.18333299458026886,26.0,1.9333330392837524
,3295,5,55,301001,31,2.2471180555555557,2.263263888888889,0.8666660189628601,24.0,0.11666599661111832
,,6,29,301002,31,2.271076388888889,2.2919212962962963,1.3666659593582153,32.0,-0.6333330273628235
,,7,1,301003,31,2.2926041666666666,2.315173611111111,0.3666659891605377,29.0,3.866666078567505
,,,38,301004,31,2.3186458333333335,2.3415625,0.8666660189628601,29.0,4.866665840148926
,,8,7,301005,31,2.341736111111111,2.3611921296296297,5.116665840148926,29.0,4.133333206176758
,,,46,301006,31,2.366041666666667,2.385150462962963,1.1166659593582153,29.0,-0.3833329975605011
,,9,15,301007,31,2.3860069444444445,2.404421296296296,0.8666660189628601,28.0,-0.6333330273628235
,,,53,301008,31,2.4125694444444443,2.4330555555555557,1.1166659593582153,29.0,1.6166659593582153
,,10,22,301009,31,2.4332291666666666,2.4525,1.8666659593582153,27.0,2.616666078567505
,,,59,301010,32,2.4582291666666665,2.4799305555555557,0.8666660189628601,31.0,1.1166659593582153
,,11,30,301011,31,2.480625,2.499386574074074,2.116666078567505,28.0,1.1333329677581787
,,12,8,301012,31,2.506145833333333,2.5313194444444447,0.8666660189628601,34.0,3.116666078567505
,,,42,301013,31,2.5314930555555555,2.550763888888889,3.366666078567505,27.0,4.116665840148926
,,13,19,301014,31,2.555451388888889,2.5799305555555554,0.8666660189628601,36.0,0.11666599661111832
,,,55,301015,31,2.580150462962963,2.601111111111111,0.43333300948143005,27.0,3.616666078567505
,,14,32,301016,31,2.6061458333333336,2.6334027777777775,0.8666660189628601,40.0,0.11666599661111832
,,15,12,301017,31,2.633576388888889,2.6544097222222223,0.3666659891605377,29.0,1.3666659593582153
,,,51,301018,31,2.6608333333333336,2.685671296296296,0.6166660189628601,40.0,-3.6333329677581787
,,16,31,301019,31,2.6884375,2.7090972222222223,0.3666659891605377,28.0,2.116666078567505
,,17,9,301020,31,2.715173611111111,2.740358796296296,0.8666660189628601,39.0,-1.8833329677581787
,,,48,301021,32,2.741736111111111,2.7630902777777777,0.11666599661111832,24.0,6.866665840148926
,,18,37,301022,31,2.7764583333333333,2.7981712962962964,1.1166659593582153,35.0,-2.6333329677581787
,,19,12,301023,32,2.8002430555555557,2.816736111111111,0.3666659891605377,23.0,1.1166659593582153
,3296,6,5,201001,20cw,2.254074074074074,2.2613773148148146,0.8833330273628235,12.0,-0.6166660189628601
,,,32,201002,20cw,2.272824074074074,2.307025462962963,0.8833330273628235,46.0,4.133333206176758
,,7,28,201003,20cw,2.311712962962963,2.3532060185185184,0.8833330273628235,51.0,9.633333206176758
,,8,29,201004,20cw,2.3547685185185188,2.393136574074074,1.8833329677581787,55.0,2.1333329677581787
,,9,34,201005,20cw,2.3988657407407405,2.4365509259259257,0.3833329975605011,55.0,-0.3666659891605377
,,10,39,201006,20cw,2.44400462962963,2.483414351851852,0.3833329975605011,56.0,1.1333329677581787
,,11,45,201007,20cw,2.489837962962963,2.5297685185185186,0.3833329975605011,56.0,1.8833329677581787
,,12,51,201008,20cw,2.536539351851852,2.5783796296296297,1.6333329677581787,60.0,1.8833329677581787
,,14,1,201009,20cw,2.58462962962963,2.626122685185185,0.8833330273628235,60.0,0.6333330273628235
,,15,11,201010,20cw,2.6328935185185185,2.6764699074074074,0.3833329975605011,61.0,2.1333329677581787
,,16,22,201011,20cw,2.6839351851851854,2.7229976851851854,2.8833329677581787,59.0,0.1333329975605011
,,17,31,201012,20cw,2.7311574074074074,2.7698726851851854,1.8833329677581787,57.0,0.6333330273628235
,,18,38,201013,20cw,2.7776851851851854,2.8104976851851853,1.8833329677581787,49.0,0.1333329975605011
,,19,33,201014,20cw,2.8153587962962963,2.847824074074074,1.1333329677581787,47.0,0.8833330273628235
,3297,6,12,292001,20cc,2.259074074074074,2.2979629629629628,1.0833330154418945,57.0,0.08333300054073334
,,7,9,292002,20cc,2.2988310185185186,2.3474421296296297,1.3333330154418945,71.0,0.33333298563957214
,,8,20,292003,20cc,2.348136574074074,2.395185185185185,1.3333330154418945,67.0,2.0833330154418945
,,9,27,292004,20cc,2.3958796296296296,2.441539351851852,3.0833330154418945,68.0,0.8333330154418945
,,10,35,292005,20cc,2.441886574074074,2.4904976851851854,1.3333330154418945,71.0,0.33333298563957214
,,11,46,292006,20cc,2.492233796296296,,2.8333330154418945,73.0,
,,12,59,292007,20cc,2.5411921296296294,2.5906828703703706,0.33333298563957214,72.0,-0.4166660010814667
,,14,11,292008,20cc,2.591180555555556,2.64125,0.31666600704193115,72.0,0.4166660010814667
,,15,23,292009,20cc,2.641423611111111,2.692997685185185,0.6666659712791443,75.0,-0.08333300054073334
,,16,38,292010,20cc,2.6935069444444446,2.74125,0.6666659712791443,67.0,2.416666030883789
,,17,45,292011,20cc,2.7421180555555553,2.7846527777777776,3.666666030883789,64.0,0.9166659712791443
,,18,49,292012,20cc,2.784826388888889,,1.166666030883789,47.0,
,3298,6,30,302001,32,2.271261574074074,2.2893171296296297,0.6333330273628235,25.0,1.6333329677581787
,,7,6,302002,32,2.297476851851852,2.3191782407407406,2.3833329677581787,28.0,5.633333206176758
,,,34,302003,31,2.319525462962963,2.341921296296296,6.133333206176758,29.0,9.383333206176758
,,8,15,302004,32,2.3466087962962963,2.3657060185185186,4.133333206176758,29.0,2.6333329677581787
,,,44,302005,32,2.3660532407407406,2.3842824074074076,3.1333329677581787,26.0,3.3833329677581787
,,9,30,302006,32,2.397476851851852,2.414837962962963,2.3833329677581787,27.0,0.3833329975605011
,,,57,302007,31,2.415185185185185,2.4334143518518516,0.8833330273628235,27.0,0.1333329975605011
,,10,37,302008,31,2.443136574074074,2.4631018518518517,1.1333329677581787,29.0,0.8833330273628235
,,11,6,302009,31,2.463449074074074,2.4813310185185187,1.3833329677581787,27.0,0.1333329975605011
,,,43,302010,32,2.4889699074074074,2.510150462962963,1.1333329677581787,31.0,0.6333330273628235
,,12,14,302011,31,2.510324074074074,2.5301157407407406,0.8833330273628235,28.0,1.3833329677581787
,,,52,302012,32,2.537233796296296,2.5582523148148146,1.6333329677581787,32.0,-0.11666599661111832
,,13,24,302013,31,2.558761574074074,2.5778587962962964,0.6333330273628235,27.0,1.1333329677581787
,,14,3,302014,31,2.5858449074074077,2.610497685185185,0.6333330273628235,36.0,0.1333329975605011
,,,39,302015,32,2.610844907407407,2.6304629629629632,0.6333330273628235,26.0,2.8833329677581787
,,15,15,302016,31,2.636365740740741,2.6641435185185185,1.3833329677581787,41.0,0.3833329975605011
,,,56,302017,32,2.6644907407407405,2.6818518518518517,0.8833330273628235,25.0,0.8833330273628235
,,16,46,302018,32,2.699548611111111,2.7250694444444443,1.3666659593582153,37.0,1.1166659593582153
,,17,23,302019,32,2.725601851851852,2.7434837962962964,1.8833329677581787,27.0,0.6333330273628235
,,18,7,302020,32,2.755289351851852,2.779421296296296,0.6333330273628235,34.0,1.3833329677581787
,,,41,302021,32,2.77994212962963,2.7971296296296297,2.1333329677581787,24.0,2.8833329677581787
,,19,20,302022,32,2.806157407407407,2.825949074074074,0.8833330273628235,28.0,1.3833329677581787
